depth_from_m,depth_to_m,borehole_id,layer_number,depth_range,soil_type,uscs_symbol,soil_description,color,spt_n_value,spt_n60,spt_n160,blow_count_int,unit_weight,unit_weight_saturated,moisture_content,plasticity_index,liquid_limit,plastic_limit,fines_content,mean_particle_size_d50,groundwater_depth_m,water_table_at_depth,friction_angle,cohesion_kpa,shear_modulus_mpa,youngs_modulus_mpa,poisson_ratio,pga_g,csr,cyclic_strength_ratio,liquefaction,liquefaction_risk_level,settlement_cm,foundation_width_m,foundation_depth_m,bearing_capacity_kpa,qa_allowable_kpa,effective_overburden_pressure,total_overburden_pressure,relative_density_percent,test_laboratory,observer_name,remarks,location
0.0,1.5,BH-001,1,0.0-1.5m,,,,,,,,,,,,,,,,,,False,,,,,,,,,False,,,,,,,,,,,,,"Tarlac Province, Philippines Investigation Type: Borehole Sampling (SPT) Depth Range: 0m - 15m Number of Depth Layers: 10 Data Categories: • Liquefaction Analysis • Bearing Capacity Calculations • Settlement Analysis Municipalities Covered: • Anao • Bamban • Camiling • Capas • Concepcion • Gerona • La Paz • Mayantoc • Moncada • Paniqui • Pura • Ramos • San Clemente • San Manuel • Santa Ignacia • Tarlac City • Victoria"
0.0,1.5,BH-001,1,0.0-1.5m,,,,,,,,,,,,,,,,,,False,,,,,,,,,False,,112.0,,,19.8,,,,,,,,"Tarlac Province, Philippines Investigation Type: Borehole Sampling (SPT) Depth Range: 0m - 15m Number of Depth Layers: 10 Data Categories: • Liquefaction Analysis • Bearing Capacity Calculations • Settlement Analysis Municipalities Covered: • Anao • Bamban • Camiling • Capas • Concepcion • Gerona • La Paz • Mayantoc • Moncada • Paniqui • Pura • Ramos • San Clemente • San Manuel • Santa Ignacia • Tarlac City • Victoria"
0.0,1.5,BH-001,1,0.0-1.5m,,,,,,,,,,,,,,,,,,False,,,,,,,,,False,,18.0,,,16.2,,,,,,,,"Tarlac Province, Philippines Investigation Type: Borehole Sampling (SPT) Depth Range: 0m - 15m Number of Depth Layers: 10 Data Categories: • Liquefaction Analysis • Bearing Capacity Calculations • Settlement Analysis Municipalities Covered: • Anao • Bamban • Camiling • Capas • Concepcion • Gerona • La Paz • Mayantoc • Moncada • Paniqui • Pura • Ramos • San Clemente • San Manuel • Santa Ignacia • Tarlac City • Victoria"
0.0,1.5,BH-001,1,0.0-1.5m,,,,,,,,,,,,,,,,,,False,,,,,,,,,False,,90.0,,,19.7,,,,,,,,"Tarlac Province, Philippines Investigation Type: Borehole Sampling (SPT) Depth Range: 0m - 15m Number of Depth Layers: 10 Data Categories: • Liquefaction Analysis • Bearing Capacity Calculations • Settlement Analysis Municipalities Covered: • Anao • Bamban • Camiling • Capas • Concepcion • Gerona • La Paz • Mayantoc • Moncada • Paniqui • Pura • Ramos • San Clemente • San Manuel • Santa Ignacia • Tarlac City • Victoria"
0.0,1.5,BH-001,1,0.0-1.5m,,,,,,,,,,,,,,,,,,False,,,,,,,,,False,,80.0,,,18.4,,,,,,,,"Tarlac Province, Philippines Investigation Type: Borehole Sampling (SPT) Depth Range: 0m - 15m Number of Depth Layers: 10 Data Categories: • Liquefaction Analysis • Bearing Capacity Calculations • Settlement Analysis Municipalities Covered: • Anao • Bamban • Camiling • Capas • Concepcion • Gerona • La Paz • Mayantoc • Moncada • Paniqui • Pura • Ramos • San Clemente • San Manuel • Santa Ignacia • Tarlac City • Victoria"
0.0,1.5,BH-001,1,0.0-1.5m,,,,,,,,,,,,,,,,,,False,,,,,,,,,False,,82.0,,,18.9,,,,,,,,"Tarlac Province, Philippines Investigation Type: Borehole Sampling (SPT) Depth Range: 0m - 15m Number of Depth Layers: 10 Data Categories: • Liquefaction Analysis • Bearing Capacity Calculations • Settlement Analysis Municipalities Covered: • Anao • Bamban • Camiling • Capas • Concepcion • Gerona • La Paz • Mayantoc • Moncada • Paniqui • Pura • Ramos • San Clemente • San Manuel • Santa Ignacia • Tarlac City • Victoria"
0.0,1.5,BH-001,1,0.0-1.5m,,,,,,,,,,,,,,,,,,False,,,,,,,,,False,,12.0,,,18.5,,,,,,,,"Tarlac Province, Philippines Investigation Type: Borehole Sampling (SPT) Depth Range: 0m - 15m Number of Depth Layers: 10 Data Categories: • Liquefaction Analysis • Bearing Capacity Calculations • Settlement Analysis Municipalities Covered: • Anao • Bamban • Camiling • Capas • Concepcion • Gerona • La Paz • Mayantoc • Moncada • Paniqui • Pura • Ramos • San Clemente • San Manuel • Santa Ignacia • Tarlac City • Victoria"
0.0,1.5,BH-001,1,0.0-1.5m,,,,,,,,,,,,,,,,,,False,,,,,,,,,False,,60.0,,,17.3,,,,,,,,"Tarlac Province, Philippines Investigation Type: Borehole Sampling (SPT) Depth Range: 0m - 15m Number of Depth Layers: 10 Data Categories: • Liquefaction Analysis • Bearing Capacity Calculations • Settlement Analysis Municipalities Covered: • Anao • Bamban • Camiling • Capas • Concepcion • Gerona • La Paz • Mayantoc • Moncada • Paniqui • Pura • Ramos • San Clemente • San Manuel • Santa Ignacia • Tarlac City • Victoria"
0.0,1.5,BH-001,1,0.0-1.5m,,,,,,,,,,,,,,,,,,False,,,,,,,,,False,,88.0,,,17.5,,,,,,,,"Tarlac Province, Philippines Investigation Type: Borehole Sampling (SPT) Depth Range: 0m - 15m Number of Depth Layers: 10 Data Categories: • Liquefaction Analysis • Bearing Capacity Calculations • Settlement Analysis Municipalities Covered: • Anao • Bamban • Camiling • Capas • Concepcion • Gerona • La Paz • Mayantoc • Moncada • Paniqui • Pura • Ramos • San Clemente • San Manuel • Santa Ignacia • Tarlac City • Victoria"
0.0,1.5,BH-001,1,0.0-1.5m,,,,,,,,,,,,,,,,,,False,,,,,,,,,False,,32.0,,,17.2,,,,,,,,"Tarlac Province, Philippines Investigation Type: Borehole Sampling (SPT) Depth Range: 0m - 15m Number of Depth Layers: 10 Data Categories: • Liquefaction Analysis • Bearing Capacity Calculations • Settlement Analysis Municipalities Covered: • Anao • Bamban • Camiling • Capas • Concepcion • Gerona • La Paz • Mayantoc • Moncada • Paniqui • Pura • Ramos • San Clemente • San Manuel • Santa Ignacia • Tarlac City • Victoria"
0.0,1.5,BH-001,1,0.0-1.5m,,,,,,,,,,,,,,,,,,False,,,,,,,,,False,,100.0,,,17.1,,,,,,,,"Tarlac Province, Philippines Investigation Type: Borehole Sampling (SPT) Depth Range: 0m - 15m Number of Depth Layers: 10 Data Categories: • Liquefaction Analysis • Bearing Capacity Calculations • Settlement Analysis Municipalities Covered: • Anao • Bamban • Camiling • Capas • Concepcion • Gerona • La Paz • Mayantoc • Moncada • Paniqui • Pura • Ramos • San Clemente • San Manuel • Santa Ignacia • Tarlac City • Victoria"
0.0,1.5,BH-001,1,0.0-1.5m,,,,,,,,,,,,,,,,,,False,,,,,,,,,False,,26.0,,,16.4,,,,,,,,"Tarlac Province, Philippines Investigation Type: Borehole Sampling (SPT) Depth Range: 0m - 15m Number of Depth Layers: 10 Data Categories: • Liquefaction Analysis • Bearing Capacity Calculations • Settlement Analysis Municipalities Covered: • Anao • Bamban • Camiling • Capas • Concepcion • Gerona • La Paz • Mayantoc • Moncada • Paniqui • Pura • Ramos • San Clemente • San Manuel • Santa Ignacia • Tarlac City • Victoria"
0.0,1.5,BH-001,1,0.0-1.5m,,,,,,,,,,,,,,,,,,False,,,,,,,,,False,,80.0,,,18.3,,,,,,,,"Tarlac Province, Philippines Investigation Type: Borehole Sampling (SPT) Depth Range: 0m - 15m Number of Depth Layers: 10 Data Categories: • Liquefaction Analysis • Bearing Capacity Calculations • Settlement Analysis Municipalities Covered: • Anao • Bamban • Camiling • Capas • Concepcion • Gerona • La Paz • Mayantoc • Moncada • Paniqui • Pura • Ramos • San Clemente • San Manuel • Santa Ignacia • Tarlac City • Victoria"
0.0,1.5,BH-001,1,0.0-1.5m,,,,,,,,,,,,,,,,,,False,,,,,,,,,False,,14.0,,,16.4,,,,,,,,"Tarlac Province, Philippines Investigation Type: Borehole Sampling (SPT) Depth Range: 0m - 15m Number of Depth Layers: 10 Data Categories: • Liquefaction Analysis • Bearing Capacity Calculations • Settlement Analysis Municipalities Covered: • Anao • Bamban • Camiling • Capas • Concepcion • Gerona • La Paz • Mayantoc • Moncada • Paniqui • Pura • Ramos • San Clemente • San Manuel • Santa Ignacia • Tarlac City • Victoria"
0.0,1.5,BH-001,1,0.0-1.5m,,,,,,,,,,,,,,,,,,False,,,,,,,,,False,,94.0,,,17.5,,,,,,,,"Tarlac Province, Philippines Investigation Type: Borehole Sampling (SPT) Depth Range: 0m - 15m Number of Depth Layers: 10 Data Categories: • Liquefaction Analysis • Bearing Capacity Calculations • Settlement Analysis Municipalities Covered: • Anao • Bamban • Camiling • Capas • Concepcion • Gerona • La Paz • Mayantoc • Moncada • Paniqui • Pura • Ramos • San Clemente • San Manuel • Santa Ignacia • Tarlac City • Victoria"
0.0,1.5,BH-001,1,0.0-1.5m,,,,,,,,,,,,,,,,,,False,,,,,,,,,False,,104.0,,,18.2,,,,,,,,"Tarlac Province, Philippines Investigation Type: Borehole Sampling (SPT) Depth Range: 0m - 15m Number of Depth Layers: 10 Data Categories: • Liquefaction Analysis • Bearing Capacity Calculations • Settlement Analysis Municipalities Covered: • Anao • Bamban • Camiling • Capas • Concepcion • Gerona • La Paz • Mayantoc • Moncada • Paniqui • Pura • Ramos • San Clemente • San Manuel • Santa Ignacia • Tarlac City • Victoria"
0.0,1.5,BH-001,1,0.0-1.5m,,,,,,,,,,,,,,,,,,False,,,,,,,,,False,,14.0,,,19.3,,,,,,,,"Tarlac Province, Philippines Investigation Type: Borehole Sampling (SPT) Depth Range: 0m - 15m Number of Depth Layers: 10 Data Categories: • Liquefaction Analysis • Bearing Capacity Calculations • Settlement Analysis Municipalities Covered: • Anao • Bamban • Camiling • Capas • Concepcion • Gerona • La Paz • Mayantoc • Moncada • Paniqui • Pura • Ramos • San Clemente • San Manuel • Santa Ignacia • Tarlac City • Victoria"
0.0,1.5,BH-001,1,0.0-1.5m,,,,,,,,,,,,,,,,,,False,,,,,,,,,False,,118.0,,,20.3,,,,,,,,"Tarlac Province, Philippines Investigation Type: Borehole Sampling (SPT) Depth Range: 0m - 15m Number of Depth Layers: 10 Data Categories: • Liquefaction Analysis • Bearing Capacity Calculations • Settlement Analysis Municipalities Covered: • Anao • Bamban • Camiling • Capas • Concepcion • Gerona • La Paz • Mayantoc • Moncada • Paniqui • Pura • Ramos • San Clemente • San Manuel • Santa Ignacia • Tarlac City • Victoria"
0.0,1.5,BH-001,1,0.0-1.5m,,,,,,,,,,,,,,,,,,False,,,,,,,,,False,,112.0,,,19.0,,,,,,,,"Tarlac Province, Philippines Investigation Type: Borehole Sampling (SPT) Depth Range: 0m - 15m Number of Depth Layers: 10 Data Categories: • Liquefaction Analysis • Bearing Capacity Calculations • Settlement Analysis Municipalities Covered: • Anao • Bamban • Camiling • Capas • Concepcion • Gerona • La Paz • Mayantoc • Moncada • Paniqui • Pura • Ramos • San Clemente • San Manuel • Santa Ignacia • Tarlac City • Victoria"
0.0,1.5,BH-001,1,0.0-1.5m,,,,,,,,,,,,,,,,,,False,,,,,,,,,False,,88.0,,,20.6,,,,,,,,"Tarlac Province, Philippines Investigation Type: Borehole Sampling (SPT) Depth Range: 0m - 15m Number of Depth Layers: 10 Data Categories: • Liquefaction Analysis • Bearing Capacity Calculations • Settlement Analysis Municipalities Covered: • Anao • Bamban • Camiling • Capas • Concepcion • Gerona • La Paz • Mayantoc • Moncada • Paniqui • Pura • Ramos • San Clemente • San Manuel • Santa Ignacia • Tarlac City • Victoria"
0.0,1.5,BH-001,1,0.0-1.5m,,,,,,,,,,,,,,,,,,False,,,,,,,,,False,,74.0,,,16.3,,,,,,,,"Tarlac Province, Philippines Investigation Type: Borehole Sampling (SPT) Depth Range: 0m - 15m Number of Depth Layers: 10 Data Categories: • Liquefaction Analysis • Bearing Capacity Calculations • Settlement Analysis Municipalities Covered: • Anao • Bamban • Camiling • Capas • Concepcion • Gerona • La Paz • Mayantoc • Moncada • Paniqui • Pura • Ramos • San Clemente • San Manuel • Santa Ignacia • Tarlac City • Victoria"
0.0,1.5,BH-001,1,0.0-1.5m,,,,,,,,,,,,,,,,,,False,,,,,,,,,False,,60.0,,,21.0,,,,,,,,"Tarlac Province, Philippines Investigation Type: Borehole Sampling (SPT) Depth Range: 0m - 15m Number of Depth Layers: 10 Data Categories: • Liquefaction Analysis • Bearing Capacity Calculations • Settlement Analysis Municipalities Covered: • Anao • Bamban • Camiling • Capas • Concepcion • Gerona • La Paz • Mayantoc • Moncada • Paniqui • Pura • Ramos • San Clemente • San Manuel • Santa Ignacia • Tarlac City • Victoria"
0.0,1.5,BH-001,1,0.0-1.5m,,,,,,,,,,,,,,,,,,False,,,,,,,,,False,,52.0,,,19.7,,,,,,,,"Tarlac Province, Philippines Investigation Type: Borehole Sampling (SPT) Depth Range: 0m - 15m Number of Depth Layers: 10 Data Categories: • Liquefaction Analysis • Bearing Capacity Calculations • Settlement Analysis Municipalities Covered: • Anao • Bamban • Camiling • Capas • Concepcion • Gerona • La Paz • Mayantoc • Moncada • Paniqui • Pura • Ramos • San Clemente • San Manuel • Santa Ignacia • Tarlac City • Victoria"
0.0,1.5,BH-001,1,0.0-1.5m,,,,,,,,,,,,,,,,,,False,,,,,,,,,False,,94.0,,,18.3,,,,,,,,"Tarlac Province, Philippines Investigation Type: Borehole Sampling (SPT) Depth Range: 0m - 15m Number of Depth Layers: 10 Data Categories: • Liquefaction Analysis • Bearing Capacity Calculations • Settlement Analysis Municipalities Covered: • Anao • Bamban • Camiling • Capas • Concepcion • Gerona • La Paz • Mayantoc • Moncada • Paniqui • Pura • Ramos • San Clemente • San Manuel • Santa Ignacia • Tarlac City • Victoria"
0.0,1.5,BH-001,1,0.0-1.5m,,,,,,,,,,,,,,,,,,False,,,,,,,,,False,,66.0,,,18.3,,,,,,,,"Tarlac Province, Philippines Investigation Type: Borehole Sampling (SPT) Depth Range: 0m - 15m Number of Depth Layers: 10 Data Categories: • Liquefaction Analysis • Bearing Capacity Calculations • Settlement Analysis Municipalities Covered: • Anao • Bamban • Camiling • Capas • Concepcion • Gerona • La Paz • Mayantoc • Moncada • Paniqui • Pura • Ramos • San Clemente • San Manuel • Santa Ignacia • Tarlac City • Victoria"
0.0,1.5,BH-001,1,0.0-1.5m,,,,,,,,,,,,,,,,,,False,,,,,,,,,False,,60.0,,,19.2,,,,,,,,"Tarlac Province, Philippines Investigation Type: Borehole Sampling (SPT) Depth Range: 0m - 15m Number of Depth Layers: 10 Data Categories: • Liquefaction Analysis • Bearing Capacity Calculations • Settlement Analysis Municipalities Covered: • Anao • Bamban • Camiling • Capas • Concepcion • Gerona • La Paz • Mayantoc • Moncada • Paniqui • Pura • Ramos • San Clemente • San Manuel • Santa Ignacia • Tarlac City • Victoria"
1.5,3.0,BH-001,2,1.5-3.0m,,,,,,,,,,,,,,,,,,False,,,,,,,,,False,,,,,,,,,,,,,"Tarlac Province, Philippines Investigation Type: Borehole Sampling (SPT) Depth Range: 0m - 15m Number of Depth Layers: 10 Data Categories: • Liquefaction Analysis • Bearing Capacity Calculations • Settlement Analysis Municipalities Covered: • Anao • Bamban • Camiling • Capas • Concepcion • Gerona • La Paz • Mayantoc • Moncada • Paniqui • Pura • Ramos • San Clemente • San Manuel • Santa Ignacia • Tarlac City • Victoria"
1.5,3.0,BH-001,2,1.5-3.0m,,,,,,,,,,,,,,,,,,False,,,,,,,,,False,,87.2,,,16.5,,,,,,,,"Tarlac Province, Philippines Investigation Type: Borehole Sampling (SPT) Depth Range: 0m - 15m Number of Depth Layers: 10 Data Categories: • Liquefaction Analysis • Bearing Capacity Calculations • Settlement Analysis Municipalities Covered: • Anao • Bamban • Camiling • Capas • Concepcion • Gerona • La Paz • Mayantoc • Moncada • Paniqui • Pura • Ramos • San Clemente • San Manuel • Santa Ignacia • Tarlac City • Victoria"
1.5,3.0,BH-001,2,1.5-3.0m,,,,,,,,,,,,,,,,,,False,,,,,,,,,False,,67.6,,,19.7,,,,,,,,"Tarlac Province, Philippines Investigation Type: Borehole Sampling (SPT) Depth Range: 0m - 15m Number of Depth Layers: 10 Data Categories: • Liquefaction Analysis • Bearing Capacity Calculations • Settlement Analysis Municipalities Covered: • Anao • Bamban • Camiling • Capas • Concepcion • Gerona • La Paz • Mayantoc • Moncada • Paniqui • Pura • Ramos • San Clemente • San Manuel • Santa Ignacia • Tarlac City • Victoria"
1.5,3.0,BH-001,2,1.5-3.0m,,,,,,,,,,,,,,,,,,False,,,,,,,,,False,,73.1,,,17.6,,,,,,,,"Tarlac Province, Philippines Investigation Type: Borehole Sampling (SPT) Depth Range: 0m - 15m Number of Depth Layers: 10 Data Categories: • Liquefaction Analysis • Bearing Capacity Calculations • Settlement Analysis Municipalities Covered: • Anao • Bamban • Camiling • Capas • Concepcion • Gerona • La Paz • Mayantoc • Moncada • Paniqui • Pura • Ramos • San Clemente • San Manuel • Santa Ignacia • Tarlac City • Victoria"
1.5,3.0,BH-001,2,1.5-3.0m,,,,,,,,,,,,,,,,,,False,,,,,,,,,False,,28.1,,,18.3,,,,,,,,"Tarlac Province, Philippines Investigation Type: Borehole Sampling (SPT) Depth Range: 0m - 15m Number of Depth Layers: 10 Data Categories: • Liquefaction Analysis • Bearing Capacity Calculations • Settlement Analysis Municipalities Covered: • Anao • Bamban • Camiling • Capas • Concepcion • Gerona • La Paz • Mayantoc • Moncada • Paniqui • Pura • Ramos • San Clemente • San Manuel • Santa Ignacia • Tarlac City • Victoria"
1.5,3.0,BH-001,2,1.5-3.0m,,,,,,,,,,,,,,,,,,False,,,,,,,,,False,,28.8,,,19.4,,,,,,,,"Tarlac Province, Philippines Investigation Type: Borehole Sampling (SPT) Depth Range: 0m - 15m Number of Depth Layers: 10 Data Categories: • Liquefaction Analysis • Bearing Capacity Calculations • Settlement Analysis Municipalities Covered: • Anao • Bamban • Camiling • Capas • Concepcion • Gerona • La Paz • Mayantoc • Moncada • Paniqui • Pura • Ramos • San Clemente • San Manuel • Santa Ignacia • Tarlac City • Victoria"
1.5,3.0,BH-001,2,1.5-3.0m,,,,,,,,,,,,,,,,,,False,,,,,,,,,False,,46.5,,,17.3,,,,,,,,"Tarlac Province, Philippines Investigation Type: Borehole Sampling (SPT) Depth Range: 0m - 15m Number of Depth Layers: 10 Data Categories: • Liquefaction Analysis • Bearing Capacity Calculations • Settlement Analysis Municipalities Covered: • Anao • Bamban • Camiling • Capas • Concepcion • Gerona • La Paz • Mayantoc • Moncada • Paniqui • Pura • Ramos • San Clemente • San Manuel • Santa Ignacia • Tarlac City • Victoria"
1.5,3.0,BH-001,2,1.5-3.0m,,,,,,,,,,,,,,,,,,False,,,,,,,,,False,,62.5,,,20.1,,,,,,,,"Tarlac Province, Philippines Investigation Type: Borehole Sampling (SPT) Depth Range: 0m - 15m Number of Depth Layers: 10 Data Categories: • Liquefaction Analysis • Bearing Capacity Calculations • Settlement Analysis Municipalities Covered: • Anao • Bamban • Camiling • Capas • Concepcion • Gerona • La Paz • Mayantoc • Moncada • Paniqui • Pura • Ramos • San Clemente • San Manuel • Santa Ignacia • Tarlac City • Victoria"
1.5,3.0,BH-001,2,1.5-3.0m,,,,,,,,,,,,,,,,,,False,,,,,,,,,False,,6.2,,,18.3,,,,,,,,"Tarlac Province, Philippines Investigation Type: Borehole Sampling (SPT) Depth Range: 0m - 15m Number of Depth Layers: 10 Data Categories: • Liquefaction Analysis • Bearing Capacity Calculations • Settlement Analysis Municipalities Covered: • Anao • Bamban • Camiling • Capas • Concepcion • Gerona • La Paz • Mayantoc • Moncada • Paniqui • Pura • Ramos • San Clemente • San Manuel • Santa Ignacia • Tarlac City • Victoria"
1.5,3.0,BH-001,2,1.5-3.0m,,,,,,,,,,,,,,,,,,False,,,,,,,,,False,,9.0,,,19.9,,,,,,,,"Tarlac Province, Philippines Investigation Type: Borehole Sampling (SPT) Depth Range: 0m - 15m Number of Depth Layers: 10 Data Categories: • Liquefaction Analysis • Bearing Capacity Calculations • Settlement Analysis Municipalities Covered: • Anao • Bamban • Camiling • Capas • Concepcion • Gerona • La Paz • Mayantoc • Moncada • Paniqui • Pura • Ramos • San Clemente • San Manuel • Santa Ignacia • Tarlac City • Victoria"
1.5,3.0,BH-001,2,1.5-3.0m,,,,,,,,,,,,,,,,,,False,,,,,,,,,False,,19.3,,,19.2,,,,,,,,"Tarlac Province, Philippines Investigation Type: Borehole Sampling (SPT) Depth Range: 0m - 15m Number of Depth Layers: 10 Data Categories: • Liquefaction Analysis • Bearing Capacity Calculations • Settlement Analysis Municipalities Covered: • Anao • Bamban • Camiling • Capas • Concepcion • Gerona • La Paz • Mayantoc • Moncada • Paniqui • Pura • Ramos • San Clemente • San Manuel • Santa Ignacia • Tarlac City • Victoria"
1.5,3.0,BH-001,2,1.5-3.0m,,,,,,,,,,,,,,,,,,False,,,,,,,,,False,,83.9,,,19.1,,,,,,,,"Tarlac Province, Philippines Investigation Type: Borehole Sampling (SPT) Depth Range: 0m - 15m Number of Depth Layers: 10 Data Categories: • Liquefaction Analysis • Bearing Capacity Calculations • Settlement Analysis Municipalities Covered: • Anao • Bamban • Camiling • Capas • Concepcion • Gerona • La Paz • Mayantoc • Moncada • Paniqui • Pura • Ramos • San Clemente • San Manuel • Santa Ignacia • Tarlac City • Victoria"
1.5,3.0,BH-001,2,1.5-3.0m,,,,,,,,,,,,,,,,,,False,,,,,,,,,False,,60.9,,,18.2,,,,,,,,"Tarlac Province, Philippines Investigation Type: Borehole Sampling (SPT) Depth Range: 0m - 15m Number of Depth Layers: 10 Data Categories: • Liquefaction Analysis • Bearing Capacity Calculations • Settlement Analysis Municipalities Covered: • Anao • Bamban • Camiling • Capas • Concepcion • Gerona • La Paz • Mayantoc • Moncada • Paniqui • Pura • Ramos • San Clemente • San Manuel • Santa Ignacia • Tarlac City • Victoria"
1.5,3.0,BH-001,2,1.5-3.0m,,,,,,,,,,,,,,,,,,False,,,,,,,,,False,,65.6,,,19.1,,,,,,,,"Tarlac Province, Philippines Investigation Type: Borehole Sampling (SPT) Depth Range: 0m - 15m Number of Depth Layers: 10 Data Categories: • Liquefaction Analysis • Bearing Capacity Calculations • Settlement Analysis Municipalities Covered: • Anao • Bamban • Camiling • Capas • Concepcion • Gerona • La Paz • Mayantoc • Moncada • Paniqui • Pura • Ramos • San Clemente • San Manuel • Santa Ignacia • Tarlac City • Victoria"
1.5,3.0,BH-001,2,1.5-3.0m,,,,,,,,,,,,,,,,,,False,,,,,,,,,False,,69.5,,,20.3,,,,,,,,"Tarlac Province, Philippines Investigation Type: Borehole Sampling (SPT) Depth Range: 0m - 15m Number of Depth Layers: 10 Data Categories: • Liquefaction Analysis • Bearing Capacity Calculations • Settlement Analysis Municipalities Covered: • Anao • Bamban • Camiling • Capas • Concepcion • Gerona • La Paz • Mayantoc • Moncada • Paniqui • Pura • Ramos • San Clemente • San Manuel • Santa Ignacia • Tarlac City • Victoria"
1.5,3.0,BH-001,2,1.5-3.0m,,,,,,,,,,,,,,,,,,False,,,,,,,,,False,,43.9,,,21.0,,,,,,,,"Tarlac Province, Philippines Investigation Type: Borehole Sampling (SPT) Depth Range: 0m - 15m Number of Depth Layers: 10 Data Categories: • Liquefaction Analysis • Bearing Capacity Calculations • Settlement Analysis Municipalities Covered: • Anao • Bamban • Camiling • Capas • Concepcion • Gerona • La Paz • Mayantoc • Moncada • Paniqui • Pura • Ramos • San Clemente • San Manuel • Santa Ignacia • Tarlac City • Victoria"
1.5,3.0,BH-001,2,1.5-3.0m,,,,,,,,,,,,,,,,,,False,,,,,,,,,False,,11.5,,,16.4,,,,,,,,"Tarlac Province, Philippines Investigation Type: Borehole Sampling (SPT) Depth Range: 0m - 15m Number of Depth Layers: 10 Data Categories: • Liquefaction Analysis • Bearing Capacity Calculations • Settlement Analysis Municipalities Covered: • Anao • Bamban • Camiling • Capas • Concepcion • Gerona • La Paz • Mayantoc • Moncada • Paniqui • Pura • Ramos • San Clemente • San Manuel • Santa Ignacia • Tarlac City • Victoria"
1.5,3.0,BH-001,2,1.5-3.0m,,,,,,,,,,,,,,,,,,False,,,,,,,,,False,,9.3,,,18.5,,,,,,,,"Tarlac Province, Philippines Investigation Type: Borehole Sampling (SPT) Depth Range: 0m - 15m Number of Depth Layers: 10 Data Categories: • Liquefaction Analysis • Bearing Capacity Calculations • Settlement Analysis Municipalities Covered: • Anao • Bamban • Camiling • Capas • Concepcion • Gerona • La Paz • Mayantoc • Moncada • Paniqui • Pura • Ramos • San Clemente • San Manuel • Santa Ignacia • Tarlac City • Victoria"
1.5,3.0,BH-001,2,1.5-3.0m,,,,,,,,,,,,,,,,,,False,,,,,,,,,False,,68.8,,,18.3,,,,,,,,"Tarlac Province, Philippines Investigation Type: Borehole Sampling (SPT) Depth Range: 0m - 15m Number of Depth Layers: 10 Data Categories: • Liquefaction Analysis • Bearing Capacity Calculations • Settlement Analysis Municipalities Covered: • Anao • Bamban • Camiling • Capas • Concepcion • Gerona • La Paz • Mayantoc • Moncada • Paniqui • Pura • Ramos • San Clemente • San Manuel • Santa Ignacia • Tarlac City • Victoria"
10.5,12.0,BH-001,8,10.5-12.0m,,,,,,,,,,,,,,,,,,False,,,,,,,,,False,,,,,,,,,,,,,"Tarlac Province, Philippines Investigation Type: Borehole Sampling (SPT) Depth Range: 0m - 15m Number of Depth Layers: 10 Data Categories: • Liquefaction Analysis • Bearing Capacity Calculations • Settlement Analysis Municipalities Covered: • Anao • Bamban • Camiling • Capas • Concepcion • Gerona • La Paz • Mayantoc • Moncada • Paniqui • Pura • Ramos • San Clemente • San Manuel • Santa Ignacia • Tarlac City • Victoria"
10.5,12.0,BH-001,8,10.5-12.0m,,,,,,,,,,,,,,,,,,False,,,,,,,,,False,,38.1,,,17.5,,,,,,,,"Tarlac Province, Philippines Investigation Type: Borehole Sampling (SPT) Depth Range: 0m - 15m Number of Depth Layers: 10 Data Categories: • Liquefaction Analysis • Bearing Capacity Calculations • Settlement Analysis Municipalities Covered: • Anao • Bamban • Camiling • Capas • Concepcion • Gerona • La Paz • Mayantoc • Moncada • Paniqui • Pura • Ramos • San Clemente • San Manuel • Santa Ignacia • Tarlac City • Victoria"
10.5,12.0,BH-001,8,10.5-12.0m,,,,,,,,,,,,,,,,,,False,,,,,,,,,False,,47.7,,,19.1,,,,,,,,"Tarlac Province, Philippines Investigation Type: Borehole Sampling (SPT) Depth Range: 0m - 15m Number of Depth Layers: 10 Data Categories: • Liquefaction Analysis • Bearing Capacity Calculations • Settlement Analysis Municipalities Covered: • Anao • Bamban • Camiling • Capas • Concepcion • Gerona • La Paz • Mayantoc • Moncada • Paniqui • Pura • Ramos • San Clemente • San Manuel • Santa Ignacia • Tarlac City • Victoria"
10.5,12.0,BH-001,8,10.5-12.0m,,,,,,,,,,,,,,,,,,False,,,,,,,,,False,,43.1,,,17.7,,,,,,,,"Tarlac Province, Philippines Investigation Type: Borehole Sampling (SPT) Depth Range: 0m - 15m Number of Depth Layers: 10 Data Categories: • Liquefaction Analysis • Bearing Capacity Calculations • Settlement Analysis Municipalities Covered: • Anao • Bamban • Camiling • Capas • Concepcion • Gerona • La Paz • Mayantoc • Moncada • Paniqui • Pura • Ramos • San Clemente • San Manuel • Santa Ignacia • Tarlac City • Victoria"
10.5,12.0,BH-001,8,10.5-12.0m,,,,,,,,,,,,,,,,,,False,,,,,,,,,False,,33.8,,,20.6,,,,,,,,"Tarlac Province, Philippines Investigation Type: Borehole Sampling (SPT) Depth Range: 0m - 15m Number of Depth Layers: 10 Data Categories: • Liquefaction Analysis • Bearing Capacity Calculations • Settlement Analysis Municipalities Covered: • Anao • Bamban • Camiling • Capas • Concepcion • Gerona • La Paz • Mayantoc • Moncada • Paniqui • Pura • Ramos • San Clemente • San Manuel • Santa Ignacia • Tarlac City • Victoria"
10.5,12.0,BH-001,8,10.5-12.0m,,,,,,,,,,,,,,,,,,False,,,,,,,,,False,,39.1,,,16.4,,,,,,,,"Tarlac Province, Philippines Investigation Type: Borehole Sampling (SPT) Depth Range: 0m - 15m Number of Depth Layers: 10 Data Categories: • Liquefaction Analysis • Bearing Capacity Calculations • Settlement Analysis Municipalities Covered: • Anao • Bamban • Camiling • Capas • Concepcion • Gerona • La Paz • Mayantoc • Moncada • Paniqui • Pura • Ramos • San Clemente • San Manuel • Santa Ignacia • Tarlac City • Victoria"
10.5,12.0,BH-001,8,10.5-12.0m,,,,,,,,,,,,,,,,,,False,,,,,,,,,False,,45.4,,,16.6,,,,,,,,"Tarlac Province, Philippines Investigation Type: Borehole Sampling (SPT) Depth Range: 0m - 15m Number of Depth Layers: 10 Data Categories: • Liquefaction Analysis • Bearing Capacity Calculations • Settlement Analysis Municipalities Covered: • Anao • Bamban • Camiling • Capas • Concepcion • Gerona • La Paz • Mayantoc • Moncada • Paniqui • Pura • Ramos • San Clemente • San Manuel • Santa Ignacia • Tarlac City • Victoria"
10.5,12.0,BH-001,8,10.5-12.0m,,,,,,,,,,,,,,,,,,False,,,,,,,,,False,,39.9,,,17.6,,,,,,,,"Tarlac Province, Philippines Investigation Type: Borehole Sampling (SPT) Depth Range: 0m - 15m Number of Depth Layers: 10 Data Categories: • Liquefaction Analysis • Bearing Capacity Calculations • Settlement Analysis Municipalities Covered: • Anao • Bamban • Camiling • Capas • Concepcion • Gerona • La Paz • Mayantoc • Moncada • Paniqui • Pura • Ramos • San Clemente • San Manuel • Santa Ignacia • Tarlac City • Victoria"
10.5,12.0,BH-001,8,10.5-12.0m,,,,,,,,,,,,,,,,,,False,,,,,,,,,False,,16.0,,,17.2,,,,,,,,"Tarlac Province, Philippines Investigation Type: Borehole Sampling (SPT) Depth Range: 0m - 15m Number of Depth Layers: 10 Data Categories: • Liquefaction Analysis • Bearing Capacity Calculations • Settlement Analysis Municipalities Covered: • Anao • Bamban • Camiling • Capas • Concepcion • Gerona • La Paz • Mayantoc • Moncada • Paniqui • Pura • Ramos • San Clemente • San Manuel • Santa Ignacia • Tarlac City • Victoria"
10.5,12.0,BH-001,8,10.5-12.0m,,,,,,,,,,,,,,,,,,False,,,,,,,,,False,,24.9,,,19.7,,,,,,,,"Tarlac Province, Philippines Investigation Type: Borehole Sampling (SPT) Depth Range: 0m - 15m Number of Depth Layers: 10 Data Categories: • Liquefaction Analysis • Bearing Capacity Calculations • Settlement Analysis Municipalities Covered: • Anao • Bamban • Camiling • Capas • Concepcion • Gerona • La Paz • Mayantoc • Moncada • Paniqui • Pura • Ramos • San Clemente • San Manuel • Santa Ignacia • Tarlac City • Victoria"
10.5,12.0,BH-001,8,10.5-12.0m,,,,,,,,,,,,,,,,,,False,,,,,,,,,False,,16.5,,,19.4,,,,,,,,"Tarlac Province, Philippines Investigation Type: Borehole Sampling (SPT) Depth Range: 0m - 15m Number of Depth Layers: 10 Data Categories: • Liquefaction Analysis • Bearing Capacity Calculations • Settlement Analysis Municipalities Covered: • Anao • Bamban • Camiling • Capas • Concepcion • Gerona • La Paz • Mayantoc • Moncada • Paniqui • Pura • Ramos • San Clemente • San Manuel • Santa Ignacia • Tarlac City • Victoria"
10.5,12.0,BH-001,8,10.5-12.0m,,,,,,,,,,,,,,,,,,False,,,,,,,,,False,,26.1,,,18.2,,,,,,,,"Tarlac Province, Philippines Investigation Type: Borehole Sampling (SPT) Depth Range: 0m - 15m Number of Depth Layers: 10 Data Categories: • Liquefaction Analysis • Bearing Capacity Calculations • Settlement Analysis Municipalities Covered: • Anao • Bamban • Camiling • Capas • Concepcion • Gerona • La Paz • Mayantoc • Moncada • Paniqui • Pura • Ramos • San Clemente • San Manuel • Santa Ignacia • Tarlac City • Victoria"
10.5,12.0,BH-001,8,10.5-12.0m,,,,,,,,,,,,,,,,,,False,,,,,,,,,False,,61.7,,,16.7,,,,,,,,"Tarlac Province, Philippines Investigation Type: Borehole Sampling (SPT) Depth Range: 0m - 15m Number of Depth Layers: 10 Data Categories: • Liquefaction Analysis • Bearing Capacity Calculations • Settlement Analysis Municipalities Covered: • Anao • Bamban • Camiling • Capas • Concepcion • Gerona • La Paz • Mayantoc • Moncada • Paniqui • Pura • Ramos • San Clemente • San Manuel • Santa Ignacia • Tarlac City • Victoria"
10.5,12.0,BH-001,8,10.5-12.0m,,,,,,,,,,,,,,,,,,False,,,,,,,,,False,,44.7,,,18.2,,,,,,,,"Tarlac Province, Philippines Investigation Type: Borehole Sampling (SPT) Depth Range: 0m - 15m Number of Depth Layers: 10 Data Categories: • Liquefaction Analysis • Bearing Capacity Calculations • Settlement Analysis Municipalities Covered: • Anao • Bamban • Camiling • Capas • Concepcion • Gerona • La Paz • Mayantoc • Moncada • Paniqui • Pura • Ramos • San Clemente • San Manuel • Santa Ignacia • Tarlac City • Victoria"
10.5,12.0,BH-001,8,10.5-12.0m,,,,,,,,,,,,,,,,,,False,,,,,,,,,False,,47.7,,,16.3,,,,,,,,"Tarlac Province, Philippines Investigation Type: Borehole Sampling (SPT) Depth Range: 0m - 15m Number of Depth Layers: 10 Data Categories: • Liquefaction Analysis • Bearing Capacity Calculations • Settlement Analysis Municipalities Covered: • Anao • Bamban • Camiling • Capas • Concepcion • Gerona • La Paz • Mayantoc • Moncada • Paniqui • Pura • Ramos • San Clemente • San Manuel • Santa Ignacia • Tarlac City • Victoria"
10.5,12.0,BH-001,8,10.5-12.0m,,,,,,,,,,,,,,,,,,False,,,,,,,,,False,,37.6,,,19.1,,,,,,,,"Tarlac Province, Philippines Investigation Type: Borehole Sampling (SPT) Depth Range: 0m - 15m Number of Depth Layers: 10 Data Categories: • Liquefaction Analysis • Bearing Capacity Calculations • Settlement Analysis Municipalities Covered: • Anao • Bamban • Camiling • Capas • Concepcion • Gerona • La Paz • Mayantoc • Moncada • Paniqui • Pura • Ramos • San Clemente • San Manuel • Santa Ignacia • Tarlac City • Victoria"
10.5,12.0,BH-001,8,10.5-12.0m,,,,,,,,,,,,,,,,,,False,,,,,,,,,False,,30.7,,,17.9,,,,,,,,"Tarlac Province, Philippines Investigation Type: Borehole Sampling (SPT) Depth Range: 0m - 15m Number of Depth Layers: 10 Data Categories: • Liquefaction Analysis • Bearing Capacity Calculations • Settlement Analysis Municipalities Covered: • Anao • Bamban • Camiling • Capas • Concepcion • Gerona • La Paz • Mayantoc • Moncada • Paniqui • Pura • Ramos • San Clemente • San Manuel • Santa Ignacia • Tarlac City • Victoria"
10.5,12.0,BH-001,8,10.5-12.0m,,,,,,,,,,,,,,,,,,False,,,,,,,,,False,,17.7,,,18.0,,,,,,,,"Tarlac Province, Philippines Investigation Type: Borehole Sampling (SPT) Depth Range: 0m - 15m Number of Depth Layers: 10 Data Categories: • Liquefaction Analysis • Bearing Capacity Calculations • Settlement Analysis Municipalities Covered: • Anao • Bamban • Camiling • Capas • Concepcion • Gerona • La Paz • Mayantoc • Moncada • Paniqui • Pura • Ramos • San Clemente • San Manuel • Santa Ignacia • Tarlac City • Victoria"
10.5,12.0,BH-001,8,10.5-12.0m,,,,,,,,,,,,,,,,,,False,,,,,,,,,False,,42.4,,,16.5,,,,,,,,"Tarlac Province, Philippines Investigation Type: Borehole Sampling (SPT) Depth Range: 0m - 15m Number of Depth Layers: 10 Data Categories: • Liquefaction Analysis • Bearing Capacity Calculations • Settlement Analysis Municipalities Covered: • Anao • Bamban • Camiling • Capas • Concepcion • Gerona • La Paz • Mayantoc • Moncada • Paniqui • Pura • Ramos • San Clemente • San Manuel • Santa Ignacia • Tarlac City • Victoria"
10.5,12.0,BH-001,8,10.5-12.0m,,,,,,,,,,,,,,,,,,False,,,,,,,,,False,,10.3,,,17.5,,,,,,,,"Tarlac Province, Philippines Investigation Type: Borehole Sampling (SPT) Depth Range: 0m - 15m Number of Depth Layers: 10 Data Categories: • Liquefaction Analysis • Bearing Capacity Calculations • Settlement Analysis Municipalities Covered: • Anao • Bamban • Camiling • Capas • Concepcion • Gerona • La Paz • Mayantoc • Moncada • Paniqui • Pura • Ramos • San Clemente • San Manuel • Santa Ignacia • Tarlac City • Victoria"
10.5,12.0,BH-001,8,10.5-12.0m,,,,,,,,,,,,,,,,,,False,,,,,,,,,False,,33.3,,,18.4,,,,,,,,"Tarlac Province, Philippines Investigation Type: Borehole Sampling (SPT) Depth Range: 0m - 15m Number of Depth Layers: 10 Data Categories: • Liquefaction Analysis • Bearing Capacity Calculations • Settlement Analysis Municipalities Covered: • Anao • Bamban • Camiling • Capas • Concepcion • Gerona • La Paz • Mayantoc • Moncada • Paniqui • Pura • Ramos • San Clemente • San Manuel • Santa Ignacia • Tarlac City • Victoria"
10.5,12.0,BH-001,8,10.5-12.0m,,,,,,,,,,,,,,,,,,False,,,,,,,,,False,,38.5,,,20.3,,,,,,,,"Tarlac Province, Philippines Investigation Type: Borehole Sampling (SPT) Depth Range: 0m - 15m Number of Depth Layers: 10 Data Categories: • Liquefaction Analysis • Bearing Capacity Calculations • Settlement Analysis Municipalities Covered: • Anao • Bamban • Camiling • Capas • Concepcion • Gerona • La Paz • Mayantoc • Moncada • Paniqui • Pura • Ramos • San Clemente • San Manuel • Santa Ignacia • Tarlac City • Victoria"
10.5,12.0,BH-001,8,10.5-12.0m,,,,,,,,,,,,,,,,,,False,,,,,,,,,False,,39.4,,,16.1,,,,,,,,"Tarlac Province, Philippines Investigation Type: Borehole Sampling (SPT) Depth Range: 0m - 15m Number of Depth Layers: 10 Data Categories: • Liquefaction Analysis • Bearing Capacity Calculations • Settlement Analysis Municipalities Covered: • Anao • Bamban • Camiling • Capas • Concepcion • Gerona • La Paz • Mayantoc • Moncada • Paniqui • Pura • Ramos • San Clemente • San Manuel • Santa Ignacia • Tarlac City • Victoria"
12.0,13.5,BH-001,9,12.0-13.5m,,,,,,,,,,,,,,,,,,False,,,,,,,,,False,,,,,,,,,,,,,"Tarlac Province, Philippines Investigation Type: Borehole Sampling (SPT) Depth Range: 0m - 15m Number of Depth Layers: 10 Data Categories: • Liquefaction Analysis • Bearing Capacity Calculations • Settlement Analysis Municipalities Covered: • Anao • Bamban • Camiling • Capas • Concepcion • Gerona • La Paz • Mayantoc • Moncada • Paniqui • Pura • Ramos • San Clemente • San Manuel • Santa Ignacia • Tarlac City • Victoria"
12.0,13.5,BH-001,9,12.0-13.5m,,,,,,,,,,,,,,,,,,False,,,,,,,,,False,,42.6,,,20.0,,,,,,,,"Tarlac Province, Philippines Investigation Type: Borehole Sampling (SPT) Depth Range: 0m - 15m Number of Depth Layers: 10 Data Categories: • Liquefaction Analysis • Bearing Capacity Calculations • Settlement Analysis Municipalities Covered: • Anao • Bamban • Camiling • Capas • Concepcion • Gerona • La Paz • Mayantoc • Moncada • Paniqui • Pura • Ramos • San Clemente • San Manuel • Santa Ignacia • Tarlac City • Victoria"
12.0,13.5,BH-001,9,12.0-13.5m,,,,,,,,,,,,,,,,,,False,,,,,,,,,False,,23.5,,,18.6,,,,,,,,"Tarlac Province, Philippines Investigation Type: Borehole Sampling (SPT) Depth Range: 0m - 15m Number of Depth Layers: 10 Data Categories: • Liquefaction Analysis • Bearing Capacity Calculations • Settlement Analysis Municipalities Covered: • Anao • Bamban • Camiling • Capas • Concepcion • Gerona • La Paz • Mayantoc • Moncada • Paniqui • Pura • Ramos • San Clemente • San Manuel • Santa Ignacia • Tarlac City • Victoria"
12.0,13.5,BH-001,9,12.0-13.5m,,,,,,,,,,,,,,,,,,False,,,,,,,,,False,,6.0,,,20.2,,,,,,,,"Tarlac Province, Philippines Investigation Type: Borehole Sampling (SPT) Depth Range: 0m - 15m Number of Depth Layers: 10 Data Categories: • Liquefaction Analysis • Bearing Capacity Calculations • Settlement Analysis Municipalities Covered: • Anao • Bamban • Camiling • Capas • Concepcion • Gerona • La Paz • Mayantoc • Moncada • Paniqui • Pura • Ramos • San Clemente • San Manuel • Santa Ignacia • Tarlac City • Victoria"
12.0,13.5,BH-001,9,12.0-13.5m,,,,,,,,,,,,,,,,,,False,,,,,,,,,False,,35.8,,,16.4,,,,,,,,"Tarlac Province, Philippines Investigation Type: Borehole Sampling (SPT) Depth Range: 0m - 15m Number of Depth Layers: 10 Data Categories: • Liquefaction Analysis • Bearing Capacity Calculations • Settlement Analysis Municipalities Covered: • Anao • Bamban • Camiling • Capas • Concepcion • Gerona • La Paz • Mayantoc • Moncada • Paniqui • Pura • Ramos • San Clemente • San Manuel • Santa Ignacia • Tarlac City • Victoria"
12.0,13.5,BH-001,9,12.0-13.5m,,,,,,,,,,,,,,,,,,False,,,,,,,,,False,,27.2,,,18.8,,,,,,,,"Tarlac Province, Philippines Investigation Type: Borehole Sampling (SPT) Depth Range: 0m - 15m Number of Depth Layers: 10 Data Categories: • Liquefaction Analysis • Bearing Capacity Calculations • Settlement Analysis Municipalities Covered: • Anao • Bamban • Camiling • Capas • Concepcion • Gerona • La Paz • Mayantoc • Moncada • Paniqui • Pura • Ramos • San Clemente • San Manuel • Santa Ignacia • Tarlac City • Victoria"
12.0,13.5,BH-001,9,12.0-13.5m,,,,,,,,,,,,,,,,,,False,,,,,,,,,False,,14.2,,,17.2,,,,,,,,"Tarlac Province, Philippines Investigation Type: Borehole Sampling (SPT) Depth Range: 0m - 15m Number of Depth Layers: 10 Data Categories: • Liquefaction Analysis • Bearing Capacity Calculations • Settlement Analysis Municipalities Covered: • Anao • Bamban • Camiling • Capas • Concepcion • Gerona • La Paz • Mayantoc • Moncada • Paniqui • Pura • Ramos • San Clemente • San Manuel • Santa Ignacia • Tarlac City • Victoria"
12.0,13.5,BH-001,9,12.0-13.5m,,,,,,,,,,,,,,,,,,False,,,,,,,,,False,,40.7,,,18.1,,,,,,,,"Tarlac Province, Philippines Investigation Type: Borehole Sampling (SPT) Depth Range: 0m - 15m Number of Depth Layers: 10 Data Categories: • Liquefaction Analysis • Bearing Capacity Calculations • Settlement Analysis Municipalities Covered: • Anao • Bamban • Camiling • Capas • Concepcion • Gerona • La Paz • Mayantoc • Moncada • Paniqui • Pura • Ramos • San Clemente • San Manuel • Santa Ignacia • Tarlac City • Victoria"
12.0,13.5,BH-001,9,12.0-13.5m,,,,,,,,,,,,,,,,,,False,,,,,,,,,False,,6.6,,,16.4,,,,,,,,"Tarlac Province, Philippines Investigation Type: Borehole Sampling (SPT) Depth Range: 0m - 15m Number of Depth Layers: 10 Data Categories: • Liquefaction Analysis • Bearing Capacity Calculations • Settlement Analysis Municipalities Covered: • Anao • Bamban • Camiling • Capas • Concepcion • Gerona • La Paz • Mayantoc • Moncada • Paniqui • Pura • Ramos • San Clemente • San Manuel • Santa Ignacia • Tarlac City • Victoria"
12.0,13.5,BH-001,9,12.0-13.5m,,,,,,,,,,,,,,,,,,False,,,,,,,,,False,,49.3,,,17.8,,,,,,,,"Tarlac Province, Philippines Investigation Type: Borehole Sampling (SPT) Depth Range: 0m - 15m Number of Depth Layers: 10 Data Categories: • Liquefaction Analysis • Bearing Capacity Calculations • Settlement Analysis Municipalities Covered: • Anao • Bamban • Camiling • Capas • Concepcion • Gerona • La Paz • Mayantoc • Moncada • Paniqui • Pura • Ramos • San Clemente • San Manuel • Santa Ignacia • Tarlac City • Victoria"
12.0,13.5,BH-001,9,12.0-13.5m,,,,,,,,,,,,,,,,,,False,,,,,,,,,False,,36.1,,,18.3,,,,,,,,"Tarlac Province, Philippines Investigation Type: Borehole Sampling (SPT) Depth Range: 0m - 15m Number of Depth Layers: 10 Data Categories: • Liquefaction Analysis • Bearing Capacity Calculations • Settlement Analysis Municipalities Covered: • Anao • Bamban • Camiling • Capas • Concepcion • Gerona • La Paz • Mayantoc • Moncada • Paniqui • Pura • Ramos • San Clemente • San Manuel • Santa Ignacia • Tarlac City • Victoria"
12.0,13.5,BH-001,9,12.0-13.5m,,,,,,,,,,,,,,,,,,False,,,,,,,,,False,,45.5,,,16.3,,,,,,,,"Tarlac Province, Philippines Investigation Type: Borehole Sampling (SPT) Depth Range: 0m - 15m Number of Depth Layers: 10 Data Categories: • Liquefaction Analysis • Bearing Capacity Calculations • Settlement Analysis Municipalities Covered: • Anao • Bamban • Camiling • Capas • Concepcion • Gerona • La Paz • Mayantoc • Moncada • Paniqui • Pura • Ramos • San Clemente • San Manuel • Santa Ignacia • Tarlac City • Victoria"
12.0,13.5,BH-001,9,12.0-13.5m,,,,,,,,,,,,,,,,,,False,,,,,,,,,False,,11.0,,,19.8,,,,,,,,"Tarlac Province, Philippines Investigation Type: Borehole Sampling (SPT) Depth Range: 0m - 15m Number of Depth Layers: 10 Data Categories: • Liquefaction Analysis • Bearing Capacity Calculations • Settlement Analysis Municipalities Covered: • Anao • Bamban • Camiling • Capas • Concepcion • Gerona • La Paz • Mayantoc • Moncada • Paniqui • Pura • Ramos • San Clemente • San Manuel • Santa Ignacia • Tarlac City • Victoria"
12.0,13.5,BH-001,9,12.0-13.5m,,,,,,,,,,,,,,,,,,False,,,,,,,,,False,,25.3,,,19.7,,,,,,,,"Tarlac Province, Philippines Investigation Type: Borehole Sampling (SPT) Depth Range: 0m - 15m Number of Depth Layers: 10 Data Categories: • Liquefaction Analysis • Bearing Capacity Calculations • Settlement Analysis Municipalities Covered: • Anao • Bamban • Camiling • Capas • Concepcion • Gerona • La Paz • Mayantoc • Moncada • Paniqui • Pura • Ramos • San Clemente • San Manuel • Santa Ignacia • Tarlac City • Victoria"
12.0,13.5,BH-001,9,12.0-13.5m,,,,,,,,,,,,,,,,,,False,,,,,,,,,False,,52.4,,,16.6,,,,,,,,"Tarlac Province, Philippines Investigation Type: Borehole Sampling (SPT) Depth Range: 0m - 15m Number of Depth Layers: 10 Data Categories: • Liquefaction Analysis • Bearing Capacity Calculations • Settlement Analysis Municipalities Covered: • Anao • Bamban • Camiling • Capas • Concepcion • Gerona • La Paz • Mayantoc • Moncada • Paniqui • Pura • Ramos • San Clemente • San Manuel • Santa Ignacia • Tarlac City • Victoria"
12.0,13.5,BH-001,9,12.0-13.5m,,,,,,,,,,,,,,,,,,False,,,,,,,,,False,,45.4,,,19.1,,,,,,,,"Tarlac Province, Philippines Investigation Type: Borehole Sampling (SPT) Depth Range: 0m - 15m Number of Depth Layers: 10 Data Categories: • Liquefaction Analysis • Bearing Capacity Calculations • Settlement Analysis Municipalities Covered: • Anao • Bamban • Camiling • Capas • Concepcion • Gerona • La Paz • Mayantoc • Moncada • Paniqui • Pura • Ramos • San Clemente • San Manuel • Santa Ignacia • Tarlac City • Victoria"
12.0,13.5,BH-001,9,12.0-13.5m,,,,,,,,,,,,,,,,,,False,,,,,,,,,False,,4.8,,,18.5,,,,,,,,"Tarlac Province, Philippines Investigation Type: Borehole Sampling (SPT) Depth Range: 0m - 15m Number of Depth Layers: 10 Data Categories: • Liquefaction Analysis • Bearing Capacity Calculations • Settlement Analysis Municipalities Covered: • Anao • Bamban • Camiling • Capas • Concepcion • Gerona • La Paz • Mayantoc • Moncada • Paniqui • Pura • Ramos • San Clemente • San Manuel • Santa Ignacia • Tarlac City • Victoria"
12.0,13.5,BH-001,9,12.0-13.5m,,,,,,,,,,,,,,,,,,False,,,,,,,,,False,,9.8,,,17.5,,,,,,,,"Tarlac Province, Philippines Investigation Type: Borehole Sampling (SPT) Depth Range: 0m - 15m Number of Depth Layers: 10 Data Categories: • Liquefaction Analysis • Bearing Capacity Calculations • Settlement Analysis Municipalities Covered: • Anao • Bamban • Camiling • Capas • Concepcion • Gerona • La Paz • Mayantoc • Moncada • Paniqui • Pura • Ramos • San Clemente • San Manuel • Santa Ignacia • Tarlac City • Victoria"
12.0,13.5,BH-001,9,12.0-13.5m,,,,,,,,,,,,,,,,,,False,,,,,,,,,False,,32.3,,,20.6,,,,,,,,"Tarlac Province, Philippines Investigation Type: Borehole Sampling (SPT) Depth Range: 0m - 15m Number of Depth Layers: 10 Data Categories: • Liquefaction Analysis • Bearing Capacity Calculations • Settlement Analysis Municipalities Covered: • Anao • Bamban • Camiling • Capas • Concepcion • Gerona • La Paz • Mayantoc • Moncada • Paniqui • Pura • Ramos • San Clemente • San Manuel • Santa Ignacia • Tarlac City • Victoria"
12.0,13.5,BH-001,9,12.0-13.5m,,,,,,,,,,,,,,,,,,False,,,,,,,,,False,,52.7,,,17.6,,,,,,,,"Tarlac Province, Philippines Investigation Type: Borehole Sampling (SPT) Depth Range: 0m - 15m Number of Depth Layers: 10 Data Categories: • Liquefaction Analysis • Bearing Capacity Calculations • Settlement Analysis Municipalities Covered: • Anao • Bamban • Camiling • Capas • Concepcion • Gerona • La Paz • Mayantoc • Moncada • Paniqui • Pura • Ramos • San Clemente • San Manuel • Santa Ignacia • Tarlac City • Victoria"
12.0,13.5,BH-001,9,12.0-13.5m,,,,,,,,,,,,,,,,,,False,,,,,,,,,False,,31.0,,,19.8,,,,,,,,"Tarlac Province, Philippines Investigation Type: Borehole Sampling (SPT) Depth Range: 0m - 15m Number of Depth Layers: 10 Data Categories: • Liquefaction Analysis • Bearing Capacity Calculations • Settlement Analysis Municipalities Covered: • Anao • Bamban • Camiling • Capas • Concepcion • Gerona • La Paz • Mayantoc • Moncada • Paniqui • Pura • Ramos • San Clemente • San Manuel • Santa Ignacia • Tarlac City • Victoria"
12.0,13.5,BH-001,9,12.0-13.5m,,,,,,,,,,,,,,,,,,False,,,,,,,,,False,,45.0,,,19.8,,,,,,,,"Tarlac Province, Philippines Investigation Type: Borehole Sampling (SPT) Depth Range: 0m - 15m Number of Depth Layers: 10 Data Categories: • Liquefaction Analysis • Bearing Capacity Calculations • Settlement Analysis Municipalities Covered: • Anao • Bamban • Camiling • Capas • Concepcion • Gerona • La Paz • Mayantoc • Moncada • Paniqui • Pura • Ramos • San Clemente • San Manuel • Santa Ignacia • Tarlac City • Victoria"
12.0,13.5,BH-001,9,12.0-13.5m,,,,,,,,,,,,,,,,,,False,,,,,,,,,False,,43.8,,,20.4,,,,,,,,"Tarlac Province, Philippines Investigation Type: Borehole Sampling (SPT) Depth Range: 0m - 15m Number of Depth Layers: 10 Data Categories: • Liquefaction Analysis • Bearing Capacity Calculations • Settlement Analysis Municipalities Covered: • Anao • Bamban • Camiling • Capas • Concepcion • Gerona • La Paz • Mayantoc • Moncada • Paniqui • Pura • Ramos • San Clemente • San Manuel • Santa Ignacia • Tarlac City • Victoria"
12.0,13.5,BH-001,9,12.0-13.5m,,,,,,,,,,,,,,,,,,False,,,,,,,,,False,,36.5,,,17.5,,,,,,,,"Tarlac Province, Philippines Investigation Type: Borehole Sampling (SPT) Depth Range: 0m - 15m Number of Depth Layers: 10 Data Categories: • Liquefaction Analysis • Bearing Capacity Calculations • Settlement Analysis Municipalities Covered: • Anao • Bamban • Camiling • Capas • Concepcion • Gerona • La Paz • Mayantoc • Moncada • Paniqui • Pura • Ramos • San Clemente • San Manuel • Santa Ignacia • Tarlac City • Victoria"
12.0,13.5,BH-001,9,12.0-13.5m,,,,,,,,,,,,,,,,,,False,,,,,,,,,False,,37.3,,,16.1,,,,,,,,"Tarlac Province, Philippines Investigation Type: Borehole Sampling (SPT) Depth Range: 0m - 15m Number of Depth Layers: 10 Data Categories: • Liquefaction Analysis • Bearing Capacity Calculations • Settlement Analysis Municipalities Covered: • Anao • Bamban • Camiling • Capas • Concepcion • Gerona • La Paz • Mayantoc • Moncada • Paniqui • Pura • Ramos • San Clemente • San Manuel • Santa Ignacia • Tarlac City • Victoria"
12.0,13.5,BH-001,9,12.0-13.5m,,,,,,,,,,,,,,,,,,False,,,,,,,,,False,,38.5,,,19.7,,,,,,,,"Tarlac Province, Philippines Investigation Type: Borehole Sampling (SPT) Depth Range: 0m - 15m Number of Depth Layers: 10 Data Categories: • Liquefaction Analysis • Bearing Capacity Calculations • Settlement Analysis Municipalities Covered: • Anao • Bamban • Camiling • Capas • Concepcion • Gerona • La Paz • Mayantoc • Moncada • Paniqui • Pura • Ramos • San Clemente • San Manuel • Santa Ignacia • Tarlac City • Victoria"
13.5,15.0,BH-001,10,13.5-15.0m,,,,,,,,,,,,,,,,,,False,,,,,,,,,False,,,,,,,,,,,,,"Tarlac Province, Philippines Investigation Type: Borehole Sampling (SPT) Depth Range: 0m - 15m Number of Depth Layers: 10 Data Categories: • Liquefaction Analysis • Bearing Capacity Calculations • Settlement Analysis Municipalities Covered: • Anao • Bamban • Camiling • Capas • Concepcion • Gerona • La Paz • Mayantoc • Moncada • Paniqui • Pura • Ramos • San Clemente • San Manuel • Santa Ignacia • Tarlac City • Victoria"
13.5,15.0,BH-001,10,13.5-15.0m,,,,,,,,,,,,,,,,,,False,,,,,,,,,False,,9.8,,,19.2,,,,,,,,"Tarlac Province, Philippines Investigation Type: Borehole Sampling (SPT) Depth Range: 0m - 15m Number of Depth Layers: 10 Data Categories: • Liquefaction Analysis • Bearing Capacity Calculations • Settlement Analysis Municipalities Covered: • Anao • Bamban • Camiling • Capas • Concepcion • Gerona • La Paz • Mayantoc • Moncada • Paniqui • Pura • Ramos • San Clemente • San Manuel • Santa Ignacia • Tarlac City • Victoria"
13.5,15.0,BH-001,10,13.5-15.0m,,,,,,,,,,,,,,,,,,False,,,,,,,,,False,,43.5,,,20.3,,,,,,,,"Tarlac Province, Philippines Investigation Type: Borehole Sampling (SPT) Depth Range: 0m - 15m Number of Depth Layers: 10 Data Categories: • Liquefaction Analysis • Bearing Capacity Calculations • Settlement Analysis Municipalities Covered: • Anao • Bamban • Camiling • Capas • Concepcion • Gerona • La Paz • Mayantoc • Moncada • Paniqui • Pura • Ramos • San Clemente • San Manuel • Santa Ignacia • Tarlac City • Victoria"
13.5,15.0,BH-001,10,13.5-15.0m,,,,,,,,,,,,,,,,,,False,,,,,,,,,False,,24.0,,,18.2,,,,,,,,"Tarlac Province, Philippines Investigation Type: Borehole Sampling (SPT) Depth Range: 0m - 15m Number of Depth Layers: 10 Data Categories: • Liquefaction Analysis • Bearing Capacity Calculations • Settlement Analysis Municipalities Covered: • Anao • Bamban • Camiling • Capas • Concepcion • Gerona • La Paz • Mayantoc • Moncada • Paniqui • Pura • Ramos • San Clemente • San Manuel • Santa Ignacia • Tarlac City • Victoria"
13.5,15.0,BH-001,10,13.5-15.0m,,,,,,,,,,,,,,,,,,False,,,,,,,,,False,,39.7,,,17.7,,,,,,,,"Tarlac Province, Philippines Investigation Type: Borehole Sampling (SPT) Depth Range: 0m - 15m Number of Depth Layers: 10 Data Categories: • Liquefaction Analysis • Bearing Capacity Calculations • Settlement Analysis Municipalities Covered: • Anao • Bamban • Camiling • Capas • Concepcion • Gerona • La Paz • Mayantoc • Moncada • Paniqui • Pura • Ramos • San Clemente • San Manuel • Santa Ignacia • Tarlac City • Victoria"
13.5,15.0,BH-001,10,13.5-15.0m,,,,,,,,,,,,,,,,,,False,,,,,,,,,False,,14.9,,,19.4,,,,,,,,"Tarlac Province, Philippines Investigation Type: Borehole Sampling (SPT) Depth Range: 0m - 15m Number of Depth Layers: 10 Data Categories: • Liquefaction Analysis • Bearing Capacity Calculations • Settlement Analysis Municipalities Covered: • Anao • Bamban • Camiling • Capas • Concepcion • Gerona • La Paz • Mayantoc • Moncada • Paniqui • Pura • Ramos • San Clemente • San Manuel • Santa Ignacia • Tarlac City • Victoria"
13.5,15.0,BH-001,10,13.5-15.0m,,,,,,,,,,,,,,,,,,False,,,,,,,,,False,,39.2,,,16.5,,,,,,,,"Tarlac Province, Philippines Investigation Type: Borehole Sampling (SPT) Depth Range: 0m - 15m Number of Depth Layers: 10 Data Categories: • Liquefaction Analysis • Bearing Capacity Calculations • Settlement Analysis Municipalities Covered: • Anao • Bamban • Camiling • Capas • Concepcion • Gerona • La Paz • Mayantoc • Moncada • Paniqui • Pura • Ramos • San Clemente • San Manuel • Santa Ignacia • Tarlac City • Victoria"
13.5,15.0,BH-001,10,13.5-15.0m,,,,,,,,,,,,,,,,,,False,,,,,,,,,False,,9.4,,,17.5,,,,,,,,"Tarlac Province, Philippines Investigation Type: Borehole Sampling (SPT) Depth Range: 0m - 15m Number of Depth Layers: 10 Data Categories: • Liquefaction Analysis • Bearing Capacity Calculations • Settlement Analysis Municipalities Covered: • Anao • Bamban • Camiling • Capas • Concepcion • Gerona • La Paz • Mayantoc • Moncada • Paniqui • Pura • Ramos • San Clemente • San Manuel • Santa Ignacia • Tarlac City • Victoria"
13.5,15.0,BH-001,10,13.5-15.0m,,,,,,,,,,,,,,,,,,False,,,,,,,,,False,,26.2,,,18.3,,,,,,,,"Tarlac Province, Philippines Investigation Type: Borehole Sampling (SPT) Depth Range: 0m - 15m Number of Depth Layers: 10 Data Categories: • Liquefaction Analysis • Bearing Capacity Calculations • Settlement Analysis Municipalities Covered: • Anao • Bamban • Camiling • Capas • Concepcion • Gerona • La Paz • Mayantoc • Moncada • Paniqui • Pura • Ramos • San Clemente • San Manuel • Santa Ignacia • Tarlac City • Victoria"
13.5,15.0,BH-001,10,13.5-15.0m,,,,,,,,,,,,,,,,,,False,,,,,,,,,False,,43.6,,,16.3,,,,,,,,"Tarlac Province, Philippines Investigation Type: Borehole Sampling (SPT) Depth Range: 0m - 15m Number of Depth Layers: 10 Data Categories: • Liquefaction Analysis • Bearing Capacity Calculations • Settlement Analysis Municipalities Covered: • Anao • Bamban • Camiling • Capas • Concepcion • Gerona • La Paz • Mayantoc • Moncada • Paniqui • Pura • Ramos • San Clemente • San Manuel • Santa Ignacia • Tarlac City • Victoria"
13.5,15.0,BH-001,10,13.5-15.0m,,,,,,,,,,,,,,,,,,False,,,,,,,,,False,,47.1,,,19.0,,,,,,,,"Tarlac Province, Philippines Investigation Type: Borehole Sampling (SPT) Depth Range: 0m - 15m Number of Depth Layers: 10 Data Categories: • Liquefaction Analysis • Bearing Capacity Calculations • Settlement Analysis Municipalities Covered: • Anao • Bamban • Camiling • Capas • Concepcion • Gerona • La Paz • Mayantoc • Moncada • Paniqui • Pura • Ramos • San Clemente • San Manuel • Santa Ignacia • Tarlac City • Victoria"
13.5,15.0,BH-001,10,13.5-15.0m,,,,,,,,,,,,,,,,,,False,,,,,,,,,False,,20.3,,,19.7,,,,,,,,"Tarlac Province, Philippines Investigation Type: Borehole Sampling (SPT) Depth Range: 0m - 15m Number of Depth Layers: 10 Data Categories: • Liquefaction Analysis • Bearing Capacity Calculations • Settlement Analysis Municipalities Covered: • Anao • Bamban • Camiling • Capas • Concepcion • Gerona • La Paz • Mayantoc • Moncada • Paniqui • Pura • Ramos • San Clemente • San Manuel • Santa Ignacia • Tarlac City • Victoria"
13.5,15.0,BH-001,10,13.5-15.0m,,,,,,,,,,,,,,,,,,False,,,,,,,,,False,,46.6,,,19.0,,,,,,,,"Tarlac Province, Philippines Investigation Type: Borehole Sampling (SPT) Depth Range: 0m - 15m Number of Depth Layers: 10 Data Categories: • Liquefaction Analysis • Bearing Capacity Calculations • Settlement Analysis Municipalities Covered: • Anao • Bamban • Camiling • Capas • Concepcion • Gerona • La Paz • Mayantoc • Moncada • Paniqui • Pura • Ramos • San Clemente • San Manuel • Santa Ignacia • Tarlac City • Victoria"
13.5,15.0,BH-001,10,13.5-15.0m,,,,,,,,,,,,,,,,,,False,,,,,,,,,False,,13.2,,,18.2,,,,,,,,"Tarlac Province, Philippines Investigation Type: Borehole Sampling (SPT) Depth Range: 0m - 15m Number of Depth Layers: 10 Data Categories: • Liquefaction Analysis • Bearing Capacity Calculations • Settlement Analysis Municipalities Covered: • Anao • Bamban • Camiling • Capas • Concepcion • Gerona • La Paz • Mayantoc • Moncada • Paniqui • Pura • Ramos • San Clemente • San Manuel • Santa Ignacia • Tarlac City • Victoria"
13.5,15.0,BH-001,10,13.5-15.0m,,,,,,,,,,,,,,,,,,False,,,,,,,,,False,,8.5,,,16.8,,,,,,,,"Tarlac Province, Philippines Investigation Type: Borehole Sampling (SPT) Depth Range: 0m - 15m Number of Depth Layers: 10 Data Categories: • Liquefaction Analysis • Bearing Capacity Calculations • Settlement Analysis Municipalities Covered: • Anao • Bamban • Camiling • Capas • Concepcion • Gerona • La Paz • Mayantoc • Moncada • Paniqui • Pura • Ramos • San Clemente • San Manuel • Santa Ignacia • Tarlac City • Victoria"
13.5,15.0,BH-001,10,13.5-15.0m,,,,,,,,,,,,,,,,,,False,,,,,,,,,False,,35.1,,,16.3,,,,,,,,"Tarlac Province, Philippines Investigation Type: Borehole Sampling (SPT) Depth Range: 0m - 15m Number of Depth Layers: 10 Data Categories: • Liquefaction Analysis • Bearing Capacity Calculations • Settlement Analysis Municipalities Covered: • Anao • Bamban • Camiling • Capas • Concepcion • Gerona • La Paz • Mayantoc • Moncada • Paniqui • Pura • Ramos • San Clemente • San Manuel • Santa Ignacia • Tarlac City • Victoria"
13.5,15.0,BH-001,10,13.5-15.0m,,,,,,,,,,,,,,,,,,False,,,,,,,,,False,,30.9,,,19.1,,,,,,,,"Tarlac Province, Philippines Investigation Type: Borehole Sampling (SPT) Depth Range: 0m - 15m Number of Depth Layers: 10 Data Categories: • Liquefaction Analysis • Bearing Capacity Calculations • Settlement Analysis Municipalities Covered: • Anao • Bamban • Camiling • Capas • Concepcion • Gerona • La Paz • Mayantoc • Moncada • Paniqui • Pura • Ramos • San Clemente • San Manuel • Santa Ignacia • Tarlac City • Victoria"
13.5,15.0,BH-001,10,13.5-15.0m,,,,,,,,,,,,,,,,,,False,,,,,,,,,False,,15.4,,,20.3,,,,,,,,"Tarlac Province, Philippines Investigation Type: Borehole Sampling (SPT) Depth Range: 0m - 15m Number of Depth Layers: 10 Data Categories: • Liquefaction Analysis • Bearing Capacity Calculations • Settlement Analysis Municipalities Covered: • Anao • Bamban • Camiling • Capas • Concepcion • Gerona • La Paz • Mayantoc • Moncada • Paniqui • Pura • Ramos • San Clemente • San Manuel • Santa Ignacia • Tarlac City • Victoria"
13.5,15.0,BH-001,10,13.5-15.0m,,,,,,,,,,,,,,,,,,False,,,,,,,,,False,,26.1,,,18.8,,,,,,,,"Tarlac Province, Philippines Investigation Type: Borehole Sampling (SPT) Depth Range: 0m - 15m Number of Depth Layers: 10 Data Categories: • Liquefaction Analysis • Bearing Capacity Calculations • Settlement Analysis Municipalities Covered: • Anao • Bamban • Camiling • Capas • Concepcion • Gerona • La Paz • Mayantoc • Moncada • Paniqui • Pura • Ramos • San Clemente • San Manuel • Santa Ignacia • Tarlac City • Victoria"
13.5,15.0,BH-001,10,13.5-15.0m,,,,,,,,,,,,,,,,,,False,,,,,,,,,False,,14.8,,,19.9,,,,,,,,"Tarlac Province, Philippines Investigation Type: Borehole Sampling (SPT) Depth Range: 0m - 15m Number of Depth Layers: 10 Data Categories: • Liquefaction Analysis • Bearing Capacity Calculations • Settlement Analysis Municipalities Covered: • Anao • Bamban • Camiling • Capas • Concepcion • Gerona • La Paz • Mayantoc • Moncada • Paniqui • Pura • Ramos • San Clemente • San Manuel • Santa Ignacia • Tarlac City • Victoria"
13.5,15.0,BH-001,10,13.5-15.0m,,,,,,,,,,,,,,,,,,False,,,,,,,,,False,,35.1,,,19.5,,,,,,,,"Tarlac Province, Philippines Investigation Type: Borehole Sampling (SPT) Depth Range: 0m - 15m Number of Depth Layers: 10 Data Categories: • Liquefaction Analysis • Bearing Capacity Calculations • Settlement Analysis Municipalities Covered: • Anao • Bamban • Camiling • Capas • Concepcion • Gerona • La Paz • Mayantoc • Moncada • Paniqui • Pura • Ramos • San Clemente • San Manuel • Santa Ignacia • Tarlac City • Victoria"
13.5,15.0,BH-001,10,13.5-15.0m,,,,,,,,,,,,,,,,,,False,,,,,,,,,False,,36.2,,,16.4,,,,,,,,"Tarlac Province, Philippines Investigation Type: Borehole Sampling (SPT) Depth Range: 0m - 15m Number of Depth Layers: 10 Data Categories: • Liquefaction Analysis • Bearing Capacity Calculations • Settlement Analysis Municipalities Covered: • Anao • Bamban • Camiling • Capas • Concepcion • Gerona • La Paz • Mayantoc • Moncada • Paniqui • Pura • Ramos • San Clemente • San Manuel • Santa Ignacia • Tarlac City • Victoria"
13.5,15.0,BH-001,10,13.5-15.0m,,,,,,,,,,,,,,,,,,False,,,,,,,,,False,,10.6,,,19.8,,,,,,,,"Tarlac Province, Philippines Investigation Type: Borehole Sampling (SPT) Depth Range: 0m - 15m Number of Depth Layers: 10 Data Categories: • Liquefaction Analysis • Bearing Capacity Calculations • Settlement Analysis Municipalities Covered: • Anao • Bamban • Camiling • Capas • Concepcion • Gerona • La Paz • Mayantoc • Moncada • Paniqui • Pura • Ramos • San Clemente • San Manuel • Santa Ignacia • Tarlac City • Victoria"
13.5,15.0,BH-001,10,13.5-15.0m,,,,,,,,,,,,,,,,,,False,,,,,,,,,False,,29.6,,,19.0,,,,,,,,"Tarlac Province, Philippines Investigation Type: Borehole Sampling (SPT) Depth Range: 0m - 15m Number of Depth Layers: 10 Data Categories: • Liquefaction Analysis • Bearing Capacity Calculations • Settlement Analysis Municipalities Covered: • Anao • Bamban • Camiling • Capas • Concepcion • Gerona • La Paz • Mayantoc • Moncada • Paniqui • Pura • Ramos • San Clemente • San Manuel • Santa Ignacia • Tarlac City • Victoria"
3.0,4.5,BH-001,3,3.0-4.5m,,,,,,,,,,,,,,,,,,False,,,,,,,,,False,,,,,,,,,,,,,"Tarlac Province, Philippines Investigation Type: Borehole Sampling (SPT) Depth Range: 0m - 15m Number of Depth Layers: 10 Data Categories: • Liquefaction Analysis • Bearing Capacity Calculations • Settlement Analysis Municipalities Covered: • Anao • Bamban • Camiling • Capas • Concepcion • Gerona • La Paz • Mayantoc • Moncada • Paniqui • Pura • Ramos • San Clemente • San Manuel • Santa Ignacia • Tarlac City • Victoria"
3.0,4.5,BH-001,3,3.0-4.5m,,,,,,,,,,,,,,,,,,False,,,,,,,,,False,,27.4,,,16.7,,,,,,,,"Tarlac Province, Philippines Investigation Type: Borehole Sampling (SPT) Depth Range: 0m - 15m Number of Depth Layers: 10 Data Categories: • Liquefaction Analysis • Bearing Capacity Calculations • Settlement Analysis Municipalities Covered: • Anao • Bamban • Camiling • Capas • Concepcion • Gerona • La Paz • Mayantoc • Moncada • Paniqui • Pura • Ramos • San Clemente • San Manuel • Santa Ignacia • Tarlac City • Victoria"
3.0,4.5,BH-001,3,3.0-4.5m,,,,,,,,,,,,,,,,,,False,,,,,,,,,False,,66.1,,,16.3,,,,,,,,"Tarlac Province, Philippines Investigation Type: Borehole Sampling (SPT) Depth Range: 0m - 15m Number of Depth Layers: 10 Data Categories: • Liquefaction Analysis • Bearing Capacity Calculations • Settlement Analysis Municipalities Covered: • Anao • Bamban • Camiling • Capas • Concepcion • Gerona • La Paz • Mayantoc • Moncada • Paniqui • Pura • Ramos • San Clemente • San Manuel • Santa Ignacia • Tarlac City • Victoria"
3.0,4.5,BH-001,3,3.0-4.5m,,,,,,,,,,,,,,,,,,False,,,,,,,,,False,,9.2,,,20.2,,,,,,,,"Tarlac Province, Philippines Investigation Type: Borehole Sampling (SPT) Depth Range: 0m - 15m Number of Depth Layers: 10 Data Categories: • Liquefaction Analysis • Bearing Capacity Calculations • Settlement Analysis Municipalities Covered: • Anao • Bamban • Camiling • Capas • Concepcion • Gerona • La Paz • Mayantoc • Moncada • Paniqui • Pura • Ramos • San Clemente • San Manuel • Santa Ignacia • Tarlac City • Victoria"
3.0,4.5,BH-001,3,3.0-4.5m,,,,,,,,,,,,,,,,,,False,,,,,,,,,False,,69.5,,,19.8,,,,,,,,"Tarlac Province, Philippines Investigation Type: Borehole Sampling (SPT) Depth Range: 0m - 15m Number of Depth Layers: 10 Data Categories: • Liquefaction Analysis • Bearing Capacity Calculations • Settlement Analysis Municipalities Covered: • Anao • Bamban • Camiling • Capas • Concepcion • Gerona • La Paz • Mayantoc • Moncada • Paniqui • Pura • Ramos • San Clemente • San Manuel • Santa Ignacia • Tarlac City • Victoria"
3.0,4.5,BH-001,3,3.0-4.5m,,,,,,,,,,,,,,,,,,False,,,,,,,,,False,,50.3,,,19.0,,,,,,,,"Tarlac Province, Philippines Investigation Type: Borehole Sampling (SPT) Depth Range: 0m - 15m Number of Depth Layers: 10 Data Categories: • Liquefaction Analysis • Bearing Capacity Calculations • Settlement Analysis Municipalities Covered: • Anao • Bamban • Camiling • Capas • Concepcion • Gerona • La Paz • Mayantoc • Moncada • Paniqui • Pura • Ramos • San Clemente • San Manuel • Santa Ignacia • Tarlac City • Victoria"
3.0,4.5,BH-001,3,3.0-4.5m,,,,,,,,,,,,,,,,,,False,,,,,,,,,False,,59.7,,,16.1,,,,,,,,"Tarlac Province, Philippines Investigation Type: Borehole Sampling (SPT) Depth Range: 0m - 15m Number of Depth Layers: 10 Data Categories: • Liquefaction Analysis • Bearing Capacity Calculations • Settlement Analysis Municipalities Covered: • Anao • Bamban • Camiling • Capas • Concepcion • Gerona • La Paz • Mayantoc • Moncada • Paniqui • Pura • Ramos • San Clemente • San Manuel • Santa Ignacia • Tarlac City • Victoria"
3.0,4.5,BH-001,3,3.0-4.5m,,,,,,,,,,,,,,,,,,False,,,,,,,,,False,,39.8,,,18.3,,,,,,,,"Tarlac Province, Philippines Investigation Type: Borehole Sampling (SPT) Depth Range: 0m - 15m Number of Depth Layers: 10 Data Categories: • Liquefaction Analysis • Bearing Capacity Calculations • Settlement Analysis Municipalities Covered: • Anao • Bamban • Camiling • Capas • Concepcion • Gerona • La Paz • Mayantoc • Moncada • Paniqui • Pura • Ramos • San Clemente • San Manuel • Santa Ignacia • Tarlac City • Victoria"
3.0,4.5,BH-001,3,3.0-4.5m,,,,,,,,,,,,,,,,,,False,,,,,,,,,False,,24.6,,,18.0,,,,,,,,"Tarlac Province, Philippines Investigation Type: Borehole Sampling (SPT) Depth Range: 0m - 15m Number of Depth Layers: 10 Data Categories: • Liquefaction Analysis • Bearing Capacity Calculations • Settlement Analysis Municipalities Covered: • Anao • Bamban • Camiling • Capas • Concepcion • Gerona • La Paz • Mayantoc • Moncada • Paniqui • Pura • Ramos • San Clemente • San Manuel • Santa Ignacia • Tarlac City • Victoria"
3.0,4.5,BH-001,3,3.0-4.5m,,,,,,,,,,,,,,,,,,False,,,,,,,,,False,,76.7,,,16.7,,,,,,,,"Tarlac Province, Philippines Investigation Type: Borehole Sampling (SPT) Depth Range: 0m - 15m Number of Depth Layers: 10 Data Categories: • Liquefaction Analysis • Bearing Capacity Calculations • Settlement Analysis Municipalities Covered: • Anao • Bamban • Camiling • Capas • Concepcion • Gerona • La Paz • Mayantoc • Moncada • Paniqui • Pura • Ramos • San Clemente • San Manuel • Santa Ignacia • Tarlac City • Victoria"
3.0,4.5,BH-001,3,3.0-4.5m,,,,,,,,,,,,,,,,,,False,,,,,,,,,False,,52.1,,,18.2,,,,,,,,"Tarlac Province, Philippines Investigation Type: Borehole Sampling (SPT) Depth Range: 0m - 15m Number of Depth Layers: 10 Data Categories: • Liquefaction Analysis • Bearing Capacity Calculations • Settlement Analysis Municipalities Covered: • Anao • Bamban • Camiling • Capas • Concepcion • Gerona • La Paz • Mayantoc • Moncada • Paniqui • Pura • Ramos • San Clemente • San Manuel • Santa Ignacia • Tarlac City • Victoria"
3.0,4.5,BH-001,3,3.0-4.5m,,,,,,,,,,,,,,,,,,False,,,,,,,,,False,,48.7,,,18.9,,,,,,,,"Tarlac Province, Philippines Investigation Type: Borehole Sampling (SPT) Depth Range: 0m - 15m Number of Depth Layers: 10 Data Categories: • Liquefaction Analysis • Bearing Capacity Calculations • Settlement Analysis Municipalities Covered: • Anao • Bamban • Camiling • Capas • Concepcion • Gerona • La Paz • Mayantoc • Moncada • Paniqui • Pura • Ramos • San Clemente • San Manuel • Santa Ignacia • Tarlac City • Victoria"
3.0,4.5,BH-001,3,3.0-4.5m,,,,,,,,,,,,,,,,,,False,,,,,,,,,False,,56.7,,,18.3,,,,,,,,"Tarlac Province, Philippines Investigation Type: Borehole Sampling (SPT) Depth Range: 0m - 15m Number of Depth Layers: 10 Data Categories: • Liquefaction Analysis • Bearing Capacity Calculations • Settlement Analysis Municipalities Covered: • Anao • Bamban • Camiling • Capas • Concepcion • Gerona • La Paz • Mayantoc • Moncada • Paniqui • Pura • Ramos • San Clemente • San Manuel • Santa Ignacia • Tarlac City • Victoria"
3.0,4.5,BH-001,3,3.0-4.5m,,,,,,,,,,,,,,,,,,False,,,,,,,,,False,,43.3,,,17.9,,,,,,,,"Tarlac Province, Philippines Investigation Type: Borehole Sampling (SPT) Depth Range: 0m - 15m Number of Depth Layers: 10 Data Categories: • Liquefaction Analysis • Bearing Capacity Calculations • Settlement Analysis Municipalities Covered: • Anao • Bamban • Camiling • Capas • Concepcion • Gerona • La Paz • Mayantoc • Moncada • Paniqui • Pura • Ramos • San Clemente • San Manuel • Santa Ignacia • Tarlac City • Victoria"
3.0,4.5,BH-001,3,3.0-4.5m,,,,,,,,,,,,,,,,,,False,,,,,,,,,False,,50.1,,,20.6,,,,,,,,"Tarlac Province, Philippines Investigation Type: Borehole Sampling (SPT) Depth Range: 0m - 15m Number of Depth Layers: 10 Data Categories: • Liquefaction Analysis • Bearing Capacity Calculations • Settlement Analysis Municipalities Covered: • Anao • Bamban • Camiling • Capas • Concepcion • Gerona • La Paz • Mayantoc • Moncada • Paniqui • Pura • Ramos • San Clemente • San Manuel • Santa Ignacia • Tarlac City • Victoria"
3.0,4.5,BH-001,3,3.0-4.5m,,,,,,,,,,,,,,,,,,False,,,,,,,,,False,,36.0,,,17.3,,,,,,,,"Tarlac Province, Philippines Investigation Type: Borehole Sampling (SPT) Depth Range: 0m - 15m Number of Depth Layers: 10 Data Categories: • Liquefaction Analysis • Bearing Capacity Calculations • Settlement Analysis Municipalities Covered: • Anao • Bamban • Camiling • Capas • Concepcion • Gerona • La Paz • Mayantoc • Moncada • Paniqui • Pura • Ramos • San Clemente • San Manuel • Santa Ignacia • Tarlac City • Victoria"
3.0,4.5,BH-001,3,3.0-4.5m,,,,,,,,,,,,,,,,,,False,,,,,,,,,False,,62.8,,,18.7,,,,,,,,"Tarlac Province, Philippines Investigation Type: Borehole Sampling (SPT) Depth Range: 0m - 15m Number of Depth Layers: 10 Data Categories: • Liquefaction Analysis • Bearing Capacity Calculations • Settlement Analysis Municipalities Covered: • Anao • Bamban • Camiling • Capas • Concepcion • Gerona • La Paz • Mayantoc • Moncada • Paniqui • Pura • Ramos • San Clemente • San Manuel • Santa Ignacia • Tarlac City • Victoria"
3.0,4.5,BH-001,3,3.0-4.5m,,,,,,,,,,,,,,,,,,False,,,,,,,,,False,,48.2,,,18.4,,,,,,,,"Tarlac Province, Philippines Investigation Type: Borehole Sampling (SPT) Depth Range: 0m - 15m Number of Depth Layers: 10 Data Categories: • Liquefaction Analysis • Bearing Capacity Calculations • Settlement Analysis Municipalities Covered: • Anao • Bamban • Camiling • Capas • Concepcion • Gerona • La Paz • Mayantoc • Moncada • Paniqui • Pura • Ramos • San Clemente • San Manuel • Santa Ignacia • Tarlac City • Victoria"
3.0,4.5,BH-001,3,3.0-4.5m,,,,,,,,,,,,,,,,,,False,,,,,,,,,False,,54.8,,,16.4,,,,,,,,"Tarlac Province, Philippines Investigation Type: Borehole Sampling (SPT) Depth Range: 0m - 15m Number of Depth Layers: 10 Data Categories: • Liquefaction Analysis • Bearing Capacity Calculations • Settlement Analysis Municipalities Covered: • Anao • Bamban • Camiling • Capas • Concepcion • Gerona • La Paz • Mayantoc • Moncada • Paniqui • Pura • Ramos • San Clemente • San Manuel • Santa Ignacia • Tarlac City • Victoria"
3.0,4.5,BH-001,3,3.0-4.5m,,,,,,,,,,,,,,,,,,False,,,,,,,,,False,,37.6,,,19.3,,,,,,,,"Tarlac Province, Philippines Investigation Type: Borehole Sampling (SPT) Depth Range: 0m - 15m Number of Depth Layers: 10 Data Categories: • Liquefaction Analysis • Bearing Capacity Calculations • Settlement Analysis Municipalities Covered: • Anao • Bamban • Camiling • Capas • Concepcion • Gerona • La Paz • Mayantoc • Moncada • Paniqui • Pura • Ramos • San Clemente • San Manuel • Santa Ignacia • Tarlac City • Victoria"
3.0,4.5,BH-001,3,3.0-4.5m,,,,,,,,,,,,,,,,,,False,,,,,,,,,False,,53.9,,,20.3,,,,,,,,"Tarlac Province, Philippines Investigation Type: Borehole Sampling (SPT) Depth Range: 0m - 15m Number of Depth Layers: 10 Data Categories: • Liquefaction Analysis • Bearing Capacity Calculations • Settlement Analysis Municipalities Covered: • Anao • Bamban • Camiling • Capas • Concepcion • Gerona • La Paz • Mayantoc • Moncada • Paniqui • Pura • Ramos • San Clemente • San Manuel • Santa Ignacia • Tarlac City • Victoria"
3.0,4.5,BH-001,3,3.0-4.5m,,,,,,,,,,,,,,,,,,False,,,,,,,,,False,,11.5,,,16.2,,,,,,,,"Tarlac Province, Philippines Investigation Type: Borehole Sampling (SPT) Depth Range: 0m - 15m Number of Depth Layers: 10 Data Categories: • Liquefaction Analysis • Bearing Capacity Calculations • Settlement Analysis Municipalities Covered: • Anao • Bamban • Camiling • Capas • Concepcion • Gerona • La Paz • Mayantoc • Moncada • Paniqui • Pura • Ramos • San Clemente • San Manuel • Santa Ignacia • Tarlac City • Victoria"
3.0,4.5,BH-001,3,3.0-4.5m,,,,,,,,,,,,,,,,,,False,,,,,,,,,False,,31.6,,,19.5,,,,,,,,"Tarlac Province, Philippines Investigation Type: Borehole Sampling (SPT) Depth Range: 0m - 15m Number of Depth Layers: 10 Data Categories: • Liquefaction Analysis • Bearing Capacity Calculations • Settlement Analysis Municipalities Covered: • Anao • Bamban • Camiling • Capas • Concepcion • Gerona • La Paz • Mayantoc • Moncada • Paniqui • Pura • Ramos • San Clemente • San Manuel • Santa Ignacia • Tarlac City • Victoria"
3.0,4.5,BH-001,3,3.0-4.5m,,,,,,,,,,,,,,,,,,False,,,,,,,,,False,,7.8,,,18.2,,,,,,,,"Tarlac Province, Philippines Investigation Type: Borehole Sampling (SPT) Depth Range: 0m - 15m Number of Depth Layers: 10 Data Categories: • Liquefaction Analysis • Bearing Capacity Calculations • Settlement Analysis Municipalities Covered: • Anao • Bamban • Camiling • Capas • Concepcion • Gerona • La Paz • Mayantoc • Moncada • Paniqui • Pura • Ramos • San Clemente • San Manuel • Santa Ignacia • Tarlac City • Victoria"
3.0,4.5,BH-001,3,3.0-4.5m,,,,,,,,,,,,,,,,,,False,,,,,,,,,False,,52.0,,,19.1,,,,,,,,"Tarlac Province, Philippines Investigation Type: Borehole Sampling (SPT) Depth Range: 0m - 15m Number of Depth Layers: 10 Data Categories: • Liquefaction Analysis • Bearing Capacity Calculations • Settlement Analysis Municipalities Covered: • Anao • Bamban • Camiling • Capas • Concepcion • Gerona • La Paz • Mayantoc • Moncada • Paniqui • Pura • Ramos • San Clemente • San Manuel • Santa Ignacia • Tarlac City • Victoria"
4.5,6.0,BH-001,4,4.5-6.0m,,,,,,,,,,,,,,,,,,False,,,,,,,,,False,,,,,,,,,,,,,"Tarlac Province, Philippines Investigation Type: Borehole Sampling (SPT) Depth Range: 0m - 15m Number of Depth Layers: 10 Data Categories: • Liquefaction Analysis • Bearing Capacity Calculations • Settlement Analysis Municipalities Covered: • Anao • Bamban • Camiling • Capas • Concepcion • Gerona • La Paz • Mayantoc • Moncada • Paniqui • Pura • Ramos • San Clemente • San Manuel • Santa Ignacia • Tarlac City • Victoria"
4.5,6.0,BH-001,4,4.5-6.0m,,,,,,,,,,,,,,,,,,False,,,,,,,,,False,,64.6,,,16.4,,,,,,,,"Tarlac Province, Philippines Investigation Type: Borehole Sampling (SPT) Depth Range: 0m - 15m Number of Depth Layers: 10 Data Categories: • Liquefaction Analysis • Bearing Capacity Calculations • Settlement Analysis Municipalities Covered: • Anao • Bamban • Camiling • Capas • Concepcion • Gerona • La Paz • Mayantoc • Moncada • Paniqui • Pura • Ramos • San Clemente • San Manuel • Santa Ignacia • Tarlac City • Victoria"
4.5,6.0,BH-001,4,4.5-6.0m,,,,,,,,,,,,,,,,,,False,,,,,,,,,False,,8.2,,,19.3,,,,,,,,"Tarlac Province, Philippines Investigation Type: Borehole Sampling (SPT) Depth Range: 0m - 15m Number of Depth Layers: 10 Data Categories: • Liquefaction Analysis • Bearing Capacity Calculations • Settlement Analysis Municipalities Covered: • Anao • Bamban • Camiling • Capas • Concepcion • Gerona • La Paz • Mayantoc • Moncada • Paniqui • Pura • Ramos • San Clemente • San Manuel • Santa Ignacia • Tarlac City • Victoria"
4.5,6.0,BH-001,4,4.5-6.0m,,,,,,,,,,,,,,,,,,False,,,,,,,,,False,,53.3,,,17.5,,,,,,,,"Tarlac Province, Philippines Investigation Type: Borehole Sampling (SPT) Depth Range: 0m - 15m Number of Depth Layers: 10 Data Categories: • Liquefaction Analysis • Bearing Capacity Calculations • Settlement Analysis Municipalities Covered: • Anao • Bamban • Camiling • Capas • Concepcion • Gerona • La Paz • Mayantoc • Moncada • Paniqui • Pura • Ramos • San Clemente • San Manuel • Santa Ignacia • Tarlac City • Victoria"
4.5,6.0,BH-001,4,4.5-6.0m,,,,,,,,,,,,,,,,,,False,,,,,,,,,False,,46.5,,,20.3,,,,,,,,"Tarlac Province, Philippines Investigation Type: Borehole Sampling (SPT) Depth Range: 0m - 15m Number of Depth Layers: 10 Data Categories: • Liquefaction Analysis • Bearing Capacity Calculations • Settlement Analysis Municipalities Covered: • Anao • Bamban • Camiling • Capas • Concepcion • Gerona • La Paz • Mayantoc • Moncada • Paniqui • Pura • Ramos • San Clemente • San Manuel • Santa Ignacia • Tarlac City • Victoria"
4.5,6.0,BH-001,4,4.5-6.0m,,,,,,,,,,,,,,,,,,False,,,,,,,,,False,,47.1,,,18.2,,,,,,,,"Tarlac Province, Philippines Investigation Type: Borehole Sampling (SPT) Depth Range: 0m - 15m Number of Depth Layers: 10 Data Categories: • Liquefaction Analysis • Bearing Capacity Calculations • Settlement Analysis Municipalities Covered: • Anao • Bamban • Camiling • Capas • Concepcion • Gerona • La Paz • Mayantoc • Moncada • Paniqui • Pura • Ramos • San Clemente • San Manuel • Santa Ignacia • Tarlac City • Victoria"
4.5,6.0,BH-001,4,4.5-6.0m,,,,,,,,,,,,,,,,,,False,,,,,,,,,False,,12.8,,,16.8,,,,,,,,"Tarlac Province, Philippines Investigation Type: Borehole Sampling (SPT) Depth Range: 0m - 15m Number of Depth Layers: 10 Data Categories: • Liquefaction Analysis • Bearing Capacity Calculations • Settlement Analysis Municipalities Covered: • Anao • Bamban • Camiling • Capas • Concepcion • Gerona • La Paz • Mayantoc • Moncada • Paniqui • Pura • Ramos • San Clemente • San Manuel • Santa Ignacia • Tarlac City • Victoria"
4.5,6.0,BH-001,4,4.5-6.0m,,,,,,,,,,,,,,,,,,False,,,,,,,,,False,,84.6,,,16.7,,,,,,,,"Tarlac Province, Philippines Investigation Type: Borehole Sampling (SPT) Depth Range: 0m - 15m Number of Depth Layers: 10 Data Categories: • Liquefaction Analysis • Bearing Capacity Calculations • Settlement Analysis Municipalities Covered: • Anao • Bamban • Camiling • Capas • Concepcion • Gerona • La Paz • Mayantoc • Moncada • Paniqui • Pura • Ramos • San Clemente • San Manuel • Santa Ignacia • Tarlac City • Victoria"
4.5,6.0,BH-001,4,4.5-6.0m,,,,,,,,,,,,,,,,,,False,,,,,,,,,False,,46.3,,,19.1,,,,,,,,"Tarlac Province, Philippines Investigation Type: Borehole Sampling (SPT) Depth Range: 0m - 15m Number of Depth Layers: 10 Data Categories: • Liquefaction Analysis • Bearing Capacity Calculations • Settlement Analysis Municipalities Covered: • Anao • Bamban • Camiling • Capas • Concepcion • Gerona • La Paz • Mayantoc • Moncada • Paniqui • Pura • Ramos • San Clemente • San Manuel • Santa Ignacia • Tarlac City • Victoria"
4.5,6.0,BH-001,4,4.5-6.0m,,,,,,,,,,,,,,,,,,False,,,,,,,,,False,,19.0,,,17.2,,,,,,,,"Tarlac Province, Philippines Investigation Type: Borehole Sampling (SPT) Depth Range: 0m - 15m Number of Depth Layers: 10 Data Categories: • Liquefaction Analysis • Bearing Capacity Calculations • Settlement Analysis Municipalities Covered: • Anao • Bamban • Camiling • Capas • Concepcion • Gerona • La Paz • Mayantoc • Moncada • Paniqui • Pura • Ramos • San Clemente • San Manuel • Santa Ignacia • Tarlac City • Victoria"
4.5,6.0,BH-001,4,4.5-6.0m,,,,,,,,,,,,,,,,,,False,,,,,,,,,False,,29.9,,,19.7,,,,,,,,"Tarlac Province, Philippines Investigation Type: Borehole Sampling (SPT) Depth Range: 0m - 15m Number of Depth Layers: 10 Data Categories: • Liquefaction Analysis • Bearing Capacity Calculations • Settlement Analysis Municipalities Covered: • Anao • Bamban • Camiling • Capas • Concepcion • Gerona • La Paz • Mayantoc • Moncada • Paniqui • Pura • Ramos • San Clemente • San Manuel • Santa Ignacia • Tarlac City • Victoria"
4.5,6.0,BH-001,4,4.5-6.0m,,,,,,,,,,,,,,,,,,False,,,,,,,,,False,,53.2,,,16.1,,,,,,,,"Tarlac Province, Philippines Investigation Type: Borehole Sampling (SPT) Depth Range: 0m - 15m Number of Depth Layers: 10 Data Categories: • Liquefaction Analysis • Bearing Capacity Calculations • Settlement Analysis Municipalities Covered: • Anao • Bamban • Camiling • Capas • Concepcion • Gerona • La Paz • Mayantoc • Moncada • Paniqui • Pura • Ramos • San Clemente • San Manuel • Santa Ignacia • Tarlac City • Victoria"
4.5,6.0,BH-001,4,4.5-6.0m,,,,,,,,,,,,,,,,,,False,,,,,,,,,False,,20.1,,,18.3,,,,,,,,"Tarlac Province, Philippines Investigation Type: Borehole Sampling (SPT) Depth Range: 0m - 15m Number of Depth Layers: 10 Data Categories: • Liquefaction Analysis • Bearing Capacity Calculations • Settlement Analysis Municipalities Covered: • Anao • Bamban • Camiling • Capas • Concepcion • Gerona • La Paz • Mayantoc • Moncada • Paniqui • Pura • Ramos • San Clemente • San Manuel • Santa Ignacia • Tarlac City • Victoria"
4.5,6.0,BH-001,4,4.5-6.0m,,,,,,,,,,,,,,,,,,False,,,,,,,,,False,,6.1,,,19.9,,,,,,,,"Tarlac Province, Philippines Investigation Type: Borehole Sampling (SPT) Depth Range: 0m - 15m Number of Depth Layers: 10 Data Categories: • Liquefaction Analysis • Bearing Capacity Calculations • Settlement Analysis Municipalities Covered: • Anao • Bamban • Camiling • Capas • Concepcion • Gerona • La Paz • Mayantoc • Moncada • Paniqui • Pura • Ramos • San Clemente • San Manuel • Santa Ignacia • Tarlac City • Victoria"
4.5,6.0,BH-001,4,4.5-6.0m,,,,,,,,,,,,,,,,,,False,,,,,,,,,False,,41.1,,,19.8,,,,,,,,"Tarlac Province, Philippines Investigation Type: Borehole Sampling (SPT) Depth Range: 0m - 15m Number of Depth Layers: 10 Data Categories: • Liquefaction Analysis • Bearing Capacity Calculations • Settlement Analysis Municipalities Covered: • Anao • Bamban • Camiling • Capas • Concepcion • Gerona • La Paz • Mayantoc • Moncada • Paniqui • Pura • Ramos • San Clemente • San Manuel • Santa Ignacia • Tarlac City • Victoria"
4.5,6.0,BH-001,4,4.5-6.0m,,,,,,,,,,,,,,,,,,False,,,,,,,,,False,,57.3,,,18.9,,,,,,,,"Tarlac Province, Philippines Investigation Type: Borehole Sampling (SPT) Depth Range: 0m - 15m Number of Depth Layers: 10 Data Categories: • Liquefaction Analysis • Bearing Capacity Calculations • Settlement Analysis Municipalities Covered: • Anao • Bamban • Camiling • Capas • Concepcion • Gerona • La Paz • Mayantoc • Moncada • Paniqui • Pura • Ramos • San Clemente • San Manuel • Santa Ignacia • Tarlac City • Victoria"
4.5,6.0,BH-001,4,4.5-6.0m,,,,,,,,,,,,,,,,,,False,,,,,,,,,False,,36.5,,,18.3,,,,,,,,"Tarlac Province, Philippines Investigation Type: Borehole Sampling (SPT) Depth Range: 0m - 15m Number of Depth Layers: 10 Data Categories: • Liquefaction Analysis • Bearing Capacity Calculations • Settlement Analysis Municipalities Covered: • Anao • Bamban • Camiling • Capas • Concepcion • Gerona • La Paz • Mayantoc • Moncada • Paniqui • Pura • Ramos • San Clemente • San Manuel • Santa Ignacia • Tarlac City • Victoria"
4.5,6.0,BH-001,4,4.5-6.0m,,,,,,,,,,,,,,,,,,False,,,,,,,,,False,,43.2,,,18.9,,,,,,,,"Tarlac Province, Philippines Investigation Type: Borehole Sampling (SPT) Depth Range: 0m - 15m Number of Depth Layers: 10 Data Categories: • Liquefaction Analysis • Bearing Capacity Calculations • Settlement Analysis Municipalities Covered: • Anao • Bamban • Camiling • Capas • Concepcion • Gerona • La Paz • Mayantoc • Moncada • Paniqui • Pura • Ramos • San Clemente • San Manuel • Santa Ignacia • Tarlac City • Victoria"
4.5,6.0,BH-001,4,4.5-6.0m,,,,,,,,,,,,,,,,,,False,,,,,,,,,False,,44.7,,,19.0,,,,,,,,"Tarlac Province, Philippines Investigation Type: Borehole Sampling (SPT) Depth Range: 0m - 15m Number of Depth Layers: 10 Data Categories: • Liquefaction Analysis • Bearing Capacity Calculations • Settlement Analysis Municipalities Covered: • Anao • Bamban • Camiling • Capas • Concepcion • Gerona • La Paz • Mayantoc • Moncada • Paniqui • Pura • Ramos • San Clemente • San Manuel • Santa Ignacia • Tarlac City • Victoria"
4.5,6.0,BH-001,4,4.5-6.0m,,,,,,,,,,,,,,,,,,False,,,,,,,,,False,,33.8,,,16.4,,,,,,,,"Tarlac Province, Philippines Investigation Type: Borehole Sampling (SPT) Depth Range: 0m - 15m Number of Depth Layers: 10 Data Categories: • Liquefaction Analysis • Bearing Capacity Calculations • Settlement Analysis Municipalities Covered: • Anao • Bamban • Camiling • Capas • Concepcion • Gerona • La Paz • Mayantoc • Moncada • Paniqui • Pura • Ramos • San Clemente • San Manuel • Santa Ignacia • Tarlac City • Victoria"
4.5,6.0,BH-001,4,4.5-6.0m,,,,,,,,,,,,,,,,,,False,,,,,,,,,False,,49.6,,,20.3,,,,,,,,"Tarlac Province, Philippines Investigation Type: Borehole Sampling (SPT) Depth Range: 0m - 15m Number of Depth Layers: 10 Data Categories: • Liquefaction Analysis • Bearing Capacity Calculations • Settlement Analysis Municipalities Covered: • Anao • Bamban • Camiling • Capas • Concepcion • Gerona • La Paz • Mayantoc • Moncada • Paniqui • Pura • Ramos • San Clemente • San Manuel • Santa Ignacia • Tarlac City • Victoria"
4.5,6.0,BH-001,4,4.5-6.0m,,,,,,,,,,,,,,,,,,False,,,,,,,,,False,,71.1,,,19.0,,,,,,,,"Tarlac Province, Philippines Investigation Type: Borehole Sampling (SPT) Depth Range: 0m - 15m Number of Depth Layers: 10 Data Categories: • Liquefaction Analysis • Bearing Capacity Calculations • Settlement Analysis Municipalities Covered: • Anao • Bamban • Camiling • Capas • Concepcion • Gerona • La Paz • Mayantoc • Moncada • Paniqui • Pura • Ramos • San Clemente • San Manuel • Santa Ignacia • Tarlac City • Victoria"
6.0,7.5,BH-001,5,6.0-7.5m,,,,,,,,,,,,,,,,,,False,,,,,,,,,False,,,,,,,,,,,,,"Tarlac Province, Philippines Investigation Type: Borehole Sampling (SPT) Depth Range: 0m - 15m Number of Depth Layers: 10 Data Categories: • Liquefaction Analysis • Bearing Capacity Calculations • Settlement Analysis Municipalities Covered: • Anao • Bamban • Camiling • Capas • Concepcion • Gerona • La Paz • Mayantoc • Moncada • Paniqui • Pura • Ramos • San Clemente • San Manuel • Santa Ignacia • Tarlac City • Victoria"
6.0,7.5,BH-001,5,6.0-7.5m,,,,,,,,,,,,,,,,,,False,,,,,,,,,False,,42.1,,,19.1,,,,,,,,"Tarlac Province, Philippines Investigation Type: Borehole Sampling (SPT) Depth Range: 0m - 15m Number of Depth Layers: 10 Data Categories: • Liquefaction Analysis • Bearing Capacity Calculations • Settlement Analysis Municipalities Covered: • Anao • Bamban • Camiling • Capas • Concepcion • Gerona • La Paz • Mayantoc • Moncada • Paniqui • Pura • Ramos • San Clemente • San Manuel • Santa Ignacia • Tarlac City • Victoria"
6.0,7.5,BH-001,5,6.0-7.5m,,,,,,,,,,,,,,,,,,False,,,,,,,,,False,,44.9,,,16.4,,,,,,,,"Tarlac Province, Philippines Investigation Type: Borehole Sampling (SPT) Depth Range: 0m - 15m Number of Depth Layers: 10 Data Categories: • Liquefaction Analysis • Bearing Capacity Calculations • Settlement Analysis Municipalities Covered: • Anao • Bamban • Camiling • Capas • Concepcion • Gerona • La Paz • Mayantoc • Moncada • Paniqui • Pura • Ramos • San Clemente • San Manuel • Santa Ignacia • Tarlac City • Victoria"
6.0,7.5,BH-001,5,6.0-7.5m,,,,,,,,,,,,,,,,,,False,,,,,,,,,False,,50.7,,,17.7,,,,,,,,"Tarlac Province, Philippines Investigation Type: Borehole Sampling (SPT) Depth Range: 0m - 15m Number of Depth Layers: 10 Data Categories: • Liquefaction Analysis • Bearing Capacity Calculations • Settlement Analysis Municipalities Covered: • Anao • Bamban • Camiling • Capas • Concepcion • Gerona • La Paz • Mayantoc • Moncada • Paniqui • Pura • Ramos • San Clemente • San Manuel • Santa Ignacia • Tarlac City • Victoria"
6.0,7.5,BH-001,5,6.0-7.5m,,,,,,,,,,,,,,,,,,False,,,,,,,,,False,,46.9,,,18.3,,,,,,,,"Tarlac Province, Philippines Investigation Type: Borehole Sampling (SPT) Depth Range: 0m - 15m Number of Depth Layers: 10 Data Categories: • Liquefaction Analysis • Bearing Capacity Calculations • Settlement Analysis Municipalities Covered: • Anao • Bamban • Camiling • Capas • Concepcion • Gerona • La Paz • Mayantoc • Moncada • Paniqui • Pura • Ramos • San Clemente • San Manuel • Santa Ignacia • Tarlac City • Victoria"
6.0,7.5,BH-001,5,6.0-7.5m,,,,,,,,,,,,,,,,,,False,,,,,,,,,False,,64.3,,,19.0,,,,,,,,"Tarlac Province, Philippines Investigation Type: Borehole Sampling (SPT) Depth Range: 0m - 15m Number of Depth Layers: 10 Data Categories: • Liquefaction Analysis • Bearing Capacity Calculations • Settlement Analysis Municipalities Covered: • Anao • Bamban • Camiling • Capas • Concepcion • Gerona • La Paz • Mayantoc • Moncada • Paniqui • Pura • Ramos • San Clemente • San Manuel • Santa Ignacia • Tarlac City • Victoria"
6.0,7.5,BH-001,5,6.0-7.5m,,,,,,,,,,,,,,,,,,False,,,,,,,,,False,,67.3,,,17.6,,,,,,,,"Tarlac Province, Philippines Investigation Type: Borehole Sampling (SPT) Depth Range: 0m - 15m Number of Depth Layers: 10 Data Categories: • Liquefaction Analysis • Bearing Capacity Calculations • Settlement Analysis Municipalities Covered: • Anao • Bamban • Camiling • Capas • Concepcion • Gerona • La Paz • Mayantoc • Moncada • Paniqui • Pura • Ramos • San Clemente • San Manuel • Santa Ignacia • Tarlac City • Victoria"
6.0,7.5,BH-001,5,6.0-7.5m,,,,,,,,,,,,,,,,,,False,,,,,,,,,False,,41.6,,,20.1,,,,,,,,"Tarlac Province, Philippines Investigation Type: Borehole Sampling (SPT) Depth Range: 0m - 15m Number of Depth Layers: 10 Data Categories: • Liquefaction Analysis • Bearing Capacity Calculations • Settlement Analysis Municipalities Covered: • Anao • Bamban • Camiling • Capas • Concepcion • Gerona • La Paz • Mayantoc • Moncada • Paniqui • Pura • Ramos • San Clemente • San Manuel • Santa Ignacia • Tarlac City • Victoria"
6.0,7.5,BH-001,5,6.0-7.5m,,,,,,,,,,,,,,,,,,False,,,,,,,,,False,,52.2,,,18.9,,,,,,,,"Tarlac Province, Philippines Investigation Type: Borehole Sampling (SPT) Depth Range: 0m - 15m Number of Depth Layers: 10 Data Categories: • Liquefaction Analysis • Bearing Capacity Calculations • Settlement Analysis Municipalities Covered: • Anao • Bamban • Camiling • Capas • Concepcion • Gerona • La Paz • Mayantoc • Moncada • Paniqui • Pura • Ramos • San Clemente • San Manuel • Santa Ignacia • Tarlac City • Victoria"
6.0,7.5,BH-001,5,6.0-7.5m,,,,,,,,,,,,,,,,,,False,,,,,,,,,False,,17.3,,,18.2,,,,,,,,"Tarlac Province, Philippines Investigation Type: Borehole Sampling (SPT) Depth Range: 0m - 15m Number of Depth Layers: 10 Data Categories: • Liquefaction Analysis • Bearing Capacity Calculations • Settlement Analysis Municipalities Covered: • Anao • Bamban • Camiling • Capas • Concepcion • Gerona • La Paz • Mayantoc • Moncada • Paniqui • Pura • Ramos • San Clemente • San Manuel • Santa Ignacia • Tarlac City • Victoria"
6.0,7.5,BH-001,5,6.0-7.5m,,,,,,,,,,,,,,,,,,False,,,,,,,,,False,,6.6,,,20.9,,,,,,,,"Tarlac Province, Philippines Investigation Type: Borehole Sampling (SPT) Depth Range: 0m - 15m Number of Depth Layers: 10 Data Categories: • Liquefaction Analysis • Bearing Capacity Calculations • Settlement Analysis Municipalities Covered: • Anao • Bamban • Camiling • Capas • Concepcion • Gerona • La Paz • Mayantoc • Moncada • Paniqui • Pura • Ramos • San Clemente • San Manuel • Santa Ignacia • Tarlac City • Victoria"
6.0,7.5,BH-001,5,6.0-7.5m,,,,,,,,,,,,,,,,,,False,,,,,,,,,False,,17.6,,,17.2,,,,,,,,"Tarlac Province, Philippines Investigation Type: Borehole Sampling (SPT) Depth Range: 0m - 15m Number of Depth Layers: 10 Data Categories: • Liquefaction Analysis • Bearing Capacity Calculations • Settlement Analysis Municipalities Covered: • Anao • Bamban • Camiling • Capas • Concepcion • Gerona • La Paz • Mayantoc • Moncada • Paniqui • Pura • Ramos • San Clemente • San Manuel • Santa Ignacia • Tarlac City • Victoria"
6.0,7.5,BH-001,5,6.0-7.5m,,,,,,,,,,,,,,,,,,False,,,,,,,,,False,,12.3,,,17.5,,,,,,,,"Tarlac Province, Philippines Investigation Type: Borehole Sampling (SPT) Depth Range: 0m - 15m Number of Depth Layers: 10 Data Categories: • Liquefaction Analysis • Bearing Capacity Calculations • Settlement Analysis Municipalities Covered: • Anao • Bamban • Camiling • Capas • Concepcion • Gerona • La Paz • Mayantoc • Moncada • Paniqui • Pura • Ramos • San Clemente • San Manuel • Santa Ignacia • Tarlac City • Victoria"
6.0,7.5,BH-001,5,6.0-7.5m,,,,,,,,,,,,,,,,,,False,,,,,,,,,False,,50.4,,,16.6,,,,,,,,"Tarlac Province, Philippines Investigation Type: Borehole Sampling (SPT) Depth Range: 0m - 15m Number of Depth Layers: 10 Data Categories: • Liquefaction Analysis • Bearing Capacity Calculations • Settlement Analysis Municipalities Covered: • Anao • Bamban • Camiling • Capas • Concepcion • Gerona • La Paz • Mayantoc • Moncada • Paniqui • Pura • Ramos • San Clemente • San Manuel • Santa Ignacia • Tarlac City • Victoria"
6.0,7.5,BH-001,5,6.0-7.5m,,,,,,,,,,,,,,,,,,False,,,,,,,,,False,,40.6,,,19.0,,,,,,,,"Tarlac Province, Philippines Investigation Type: Borehole Sampling (SPT) Depth Range: 0m - 15m Number of Depth Layers: 10 Data Categories: • Liquefaction Analysis • Bearing Capacity Calculations • Settlement Analysis Municipalities Covered: • Anao • Bamban • Camiling • Capas • Concepcion • Gerona • La Paz • Mayantoc • Moncada • Paniqui • Pura • Ramos • San Clemente • San Manuel • Santa Ignacia • Tarlac City • Victoria"
6.0,7.5,BH-001,5,6.0-7.5m,,,,,,,,,,,,,,,,,,False,,,,,,,,,False,,31.0,,,18.2,,,,,,,,"Tarlac Province, Philippines Investigation Type: Borehole Sampling (SPT) Depth Range: 0m - 15m Number of Depth Layers: 10 Data Categories: • Liquefaction Analysis • Bearing Capacity Calculations • Settlement Analysis Municipalities Covered: • Anao • Bamban • Camiling • Capas • Concepcion • Gerona • La Paz • Mayantoc • Moncada • Paniqui • Pura • Ramos • San Clemente • San Manuel • Santa Ignacia • Tarlac City • Victoria"
6.0,7.5,BH-001,5,6.0-7.5m,,,,,,,,,,,,,,,,,,False,,,,,,,,,False,,33.9,,,18.3,,,,,,,,"Tarlac Province, Philippines Investigation Type: Borehole Sampling (SPT) Depth Range: 0m - 15m Number of Depth Layers: 10 Data Categories: • Liquefaction Analysis • Bearing Capacity Calculations • Settlement Analysis Municipalities Covered: • Anao • Bamban • Camiling • Capas • Concepcion • Gerona • La Paz • Mayantoc • Moncada • Paniqui • Pura • Ramos • San Clemente • San Manuel • Santa Ignacia • Tarlac City • Victoria"
6.0,7.5,BH-001,5,6.0-7.5m,,,,,,,,,,,,,,,,,,False,,,,,,,,,False,,57.0,,,19.9,,,,,,,,"Tarlac Province, Philippines Investigation Type: Borehole Sampling (SPT) Depth Range: 0m - 15m Number of Depth Layers: 10 Data Categories: • Liquefaction Analysis • Bearing Capacity Calculations • Settlement Analysis Municipalities Covered: • Anao • Bamban • Camiling • Capas • Concepcion • Gerona • La Paz • Mayantoc • Moncada • Paniqui • Pura • Ramos • San Clemente • San Manuel • Santa Ignacia • Tarlac City • Victoria"
6.0,7.5,BH-001,5,6.0-7.5m,,,,,,,,,,,,,,,,,,False,,,,,,,,,False,,13.3,,,19.2,,,,,,,,"Tarlac Province, Philippines Investigation Type: Borehole Sampling (SPT) Depth Range: 0m - 15m Number of Depth Layers: 10 Data Categories: • Liquefaction Analysis • Bearing Capacity Calculations • Settlement Analysis Municipalities Covered: • Anao • Bamban • Camiling • Capas • Concepcion • Gerona • La Paz • Mayantoc • Moncada • Paniqui • Pura • Ramos • San Clemente • San Manuel • Santa Ignacia • Tarlac City • Victoria"
6.0,7.5,BH-001,5,6.0-7.5m,,,,,,,,,,,,,,,,,,False,,,,,,,,,False,,20.4,,,20.3,,,,,,,,"Tarlac Province, Philippines Investigation Type: Borehole Sampling (SPT) Depth Range: 0m - 15m Number of Depth Layers: 10 Data Categories: • Liquefaction Analysis • Bearing Capacity Calculations • Settlement Analysis Municipalities Covered: • Anao • Bamban • Camiling • Capas • Concepcion • Gerona • La Paz • Mayantoc • Moncada • Paniqui • Pura • Ramos • San Clemente • San Manuel • Santa Ignacia • Tarlac City • Victoria"
6.0,7.5,BH-001,5,6.0-7.5m,,,,,,,,,,,,,,,,,,False,,,,,,,,,False,,61.1,,,17.8,,,,,,,,"Tarlac Province, Philippines Investigation Type: Borehole Sampling (SPT) Depth Range: 0m - 15m Number of Depth Layers: 10 Data Categories: • Liquefaction Analysis • Bearing Capacity Calculations • Settlement Analysis Municipalities Covered: • Anao • Bamban • Camiling • Capas • Concepcion • Gerona • La Paz • Mayantoc • Moncada • Paniqui • Pura • Ramos • San Clemente • San Manuel • Santa Ignacia • Tarlac City • Victoria"
6.0,7.5,BH-001,5,6.0-7.5m,,,,,,,,,,,,,,,,,,False,,,,,,,,,False,,11.6,,,16.8,,,,,,,,"Tarlac Province, Philippines Investigation Type: Borehole Sampling (SPT) Depth Range: 0m - 15m Number of Depth Layers: 10 Data Categories: • Liquefaction Analysis • Bearing Capacity Calculations • Settlement Analysis Municipalities Covered: • Anao • Bamban • Camiling • Capas • Concepcion • Gerona • La Paz • Mayantoc • Moncada • Paniqui • Pura • Ramos • San Clemente • San Manuel • Santa Ignacia • Tarlac City • Victoria"
6.0,7.5,BH-001,5,6.0-7.5m,,,,,,,,,,,,,,,,,,False,,,,,,,,,False,,50.9,,,16.5,,,,,,,,"Tarlac Province, Philippines Investigation Type: Borehole Sampling (SPT) Depth Range: 0m - 15m Number of Depth Layers: 10 Data Categories: • Liquefaction Analysis • Bearing Capacity Calculations • Settlement Analysis Municipalities Covered: • Anao • Bamban • Camiling • Capas • Concepcion • Gerona • La Paz • Mayantoc • Moncada • Paniqui • Pura • Ramos • San Clemente • San Manuel • Santa Ignacia • Tarlac City • Victoria"
6.0,7.5,BH-001,5,6.0-7.5m,,,,,,,,,,,,,,,,,,False,,,,,,,,,False,,52.6,,,18.2,,,,,,,,"Tarlac Province, Philippines Investigation Type: Borehole Sampling (SPT) Depth Range: 0m - 15m Number of Depth Layers: 10 Data Categories: • Liquefaction Analysis • Bearing Capacity Calculations • Settlement Analysis Municipalities Covered: • Anao • Bamban • Camiling • Capas • Concepcion • Gerona • La Paz • Mayantoc • Moncada • Paniqui • Pura • Ramos • San Clemente • San Manuel • Santa Ignacia • Tarlac City • Victoria"
6.0,7.5,BH-001,5,6.0-7.5m,,,,,,,,,,,,,,,,,,False,,,,,,,,,False,,46.8,,,16.3,,,,,,,,"Tarlac Province, Philippines Investigation Type: Borehole Sampling (SPT) Depth Range: 0m - 15m Number of Depth Layers: 10 Data Categories: • Liquefaction Analysis • Bearing Capacity Calculations • Settlement Analysis Municipalities Covered: • Anao • Bamban • Camiling • Capas • Concepcion • Gerona • La Paz • Mayantoc • Moncada • Paniqui • Pura • Ramos • San Clemente • San Manuel • Santa Ignacia • Tarlac City • Victoria"
7.5,9.0,BH-001,6,7.5-9.0m,,,,,,,,,,,,,,,,,,False,,,,,,,,,False,,,,,,,,,,,,,"Tarlac Province, Philippines Investigation Type: Borehole Sampling (SPT) Depth Range: 0m - 15m Number of Depth Layers: 10 Data Categories: • Liquefaction Analysis • Bearing Capacity Calculations • Settlement Analysis Municipalities Covered: • Anao • Bamban • Camiling • Capas • Concepcion • Gerona • La Paz • Mayantoc • Moncada • Paniqui • Pura • Ramos • San Clemente • San Manuel • Santa Ignacia • Tarlac City • Victoria"
7.5,9.0,BH-001,6,7.5-9.0m,,,,,,,,,,,,,,,,,,False,,,,,,,,,False,,6.1,,,20.9,,,,,,,,"Tarlac Province, Philippines Investigation Type: Borehole Sampling (SPT) Depth Range: 0m - 15m Number of Depth Layers: 10 Data Categories: • Liquefaction Analysis • Bearing Capacity Calculations • Settlement Analysis Municipalities Covered: • Anao • Bamban • Camiling • Capas • Concepcion • Gerona • La Paz • Mayantoc • Moncada • Paniqui • Pura • Ramos • San Clemente • San Manuel • Santa Ignacia • Tarlac City • Victoria"
7.5,9.0,BH-001,6,7.5-9.0m,,,,,,,,,,,,,,,,,,False,,,,,,,,,False,,37.9,,,18.9,,,,,,,,"Tarlac Province, Philippines Investigation Type: Borehole Sampling (SPT) Depth Range: 0m - 15m Number of Depth Layers: 10 Data Categories: • Liquefaction Analysis • Bearing Capacity Calculations • Settlement Analysis Municipalities Covered: • Anao • Bamban • Camiling • Capas • Concepcion • Gerona • La Paz • Mayantoc • Moncada • Paniqui • Pura • Ramos • San Clemente • San Manuel • Santa Ignacia • Tarlac City • Victoria"
7.5,9.0,BH-001,6,7.5-9.0m,,,,,,,,,,,,,,,,,,False,,,,,,,,,False,,59.4,,,17.1,,,,,,,,"Tarlac Province, Philippines Investigation Type: Borehole Sampling (SPT) Depth Range: 0m - 15m Number of Depth Layers: 10 Data Categories: • Liquefaction Analysis • Bearing Capacity Calculations • Settlement Analysis Municipalities Covered: • Anao • Bamban • Camiling • Capas • Concepcion • Gerona • La Paz • Mayantoc • Moncada • Paniqui • Pura • Ramos • San Clemente • San Manuel • Santa Ignacia • Tarlac City • Victoria"
7.5,9.0,BH-001,6,7.5-9.0m,,,,,,,,,,,,,,,,,,False,,,,,,,,,False,,47.0,,,16.8,,,,,,,,"Tarlac Province, Philippines Investigation Type: Borehole Sampling (SPT) Depth Range: 0m - 15m Number of Depth Layers: 10 Data Categories: • Liquefaction Analysis • Bearing Capacity Calculations • Settlement Analysis Municipalities Covered: • Anao • Bamban • Camiling • Capas • Concepcion • Gerona • La Paz • Mayantoc • Moncada • Paniqui • Pura • Ramos • San Clemente • San Manuel • Santa Ignacia • Tarlac City • Victoria"
7.5,9.0,BH-001,6,7.5-9.0m,,,,,,,,,,,,,,,,,,False,,,,,,,,,False,,43.6,,,16.3,,,,,,,,"Tarlac Province, Philippines Investigation Type: Borehole Sampling (SPT) Depth Range: 0m - 15m Number of Depth Layers: 10 Data Categories: • Liquefaction Analysis • Bearing Capacity Calculations • Settlement Analysis Municipalities Covered: • Anao • Bamban • Camiling • Capas • Concepcion • Gerona • La Paz • Mayantoc • Moncada • Paniqui • Pura • Ramos • San Clemente • San Manuel • Santa Ignacia • Tarlac City • Victoria"
7.5,9.0,BH-001,6,7.5-9.0m,,,,,,,,,,,,,,,,,,False,,,,,,,,,False,,8.2,,,19.9,,,,,,,,"Tarlac Province, Philippines Investigation Type: Borehole Sampling (SPT) Depth Range: 0m - 15m Number of Depth Layers: 10 Data Categories: • Liquefaction Analysis • Bearing Capacity Calculations • Settlement Analysis Municipalities Covered: • Anao • Bamban • Camiling • Capas • Concepcion • Gerona • La Paz • Mayantoc • Moncada • Paniqui • Pura • Ramos • San Clemente • San Manuel • Santa Ignacia • Tarlac City • Victoria"
7.5,9.0,BH-001,6,7.5-9.0m,,,,,,,,,,,,,,,,,,False,,,,,,,,,False,,43.3,,,19.7,,,,,,,,"Tarlac Province, Philippines Investigation Type: Borehole Sampling (SPT) Depth Range: 0m - 15m Number of Depth Layers: 10 Data Categories: • Liquefaction Analysis • Bearing Capacity Calculations • Settlement Analysis Municipalities Covered: • Anao • Bamban • Camiling • Capas • Concepcion • Gerona • La Paz • Mayantoc • Moncada • Paniqui • Pura • Ramos • San Clemente • San Manuel • Santa Ignacia • Tarlac City • Victoria"
7.5,9.0,BH-001,6,7.5-9.0m,,,,,,,,,,,,,,,,,,False,,,,,,,,,False,,44.2,,,18.3,,,,,,,,"Tarlac Province, Philippines Investigation Type: Borehole Sampling (SPT) Depth Range: 0m - 15m Number of Depth Layers: 10 Data Categories: • Liquefaction Analysis • Bearing Capacity Calculations • Settlement Analysis Municipalities Covered: • Anao • Bamban • Camiling • Capas • Concepcion • Gerona • La Paz • Mayantoc • Moncada • Paniqui • Pura • Ramos • San Clemente • San Manuel • Santa Ignacia • Tarlac City • Victoria"
7.5,9.0,BH-001,6,7.5-9.0m,,,,,,,,,,,,,,,,,,False,,,,,,,,,False,,29.8,,,19.7,,,,,,,,"Tarlac Province, Philippines Investigation Type: Borehole Sampling (SPT) Depth Range: 0m - 15m Number of Depth Layers: 10 Data Categories: • Liquefaction Analysis • Bearing Capacity Calculations • Settlement Analysis Municipalities Covered: • Anao • Bamban • Camiling • Capas • Concepcion • Gerona • La Paz • Mayantoc • Moncada • Paniqui • Pura • Ramos • San Clemente • San Manuel • Santa Ignacia • Tarlac City • Victoria"
7.5,9.0,BH-001,6,7.5-9.0m,,,,,,,,,,,,,,,,,,False,,,,,,,,,False,,13.0,,,19.8,,,,,,,,"Tarlac Province, Philippines Investigation Type: Borehole Sampling (SPT) Depth Range: 0m - 15m Number of Depth Layers: 10 Data Categories: • Liquefaction Analysis • Bearing Capacity Calculations • Settlement Analysis Municipalities Covered: • Anao • Bamban • Camiling • Capas • Concepcion • Gerona • La Paz • Mayantoc • Moncada • Paniqui • Pura • Ramos • San Clemente • San Manuel • Santa Ignacia • Tarlac City • Victoria"
7.5,9.0,BH-001,6,7.5-9.0m,,,,,,,,,,,,,,,,,,False,,,,,,,,,False,,49.5,,,18.2,,,,,,,,"Tarlac Province, Philippines Investigation Type: Borehole Sampling (SPT) Depth Range: 0m - 15m Number of Depth Layers: 10 Data Categories: • Liquefaction Analysis • Bearing Capacity Calculations • Settlement Analysis Municipalities Covered: • Anao • Bamban • Camiling • Capas • Concepcion • Gerona • La Paz • Mayantoc • Moncada • Paniqui • Pura • Ramos • San Clemente • San Manuel • Santa Ignacia • Tarlac City • Victoria"
7.5,9.0,BH-001,6,7.5-9.0m,,,,,,,,,,,,,,,,,,False,,,,,,,,,False,,34.3,,,17.9,,,,,,,,"Tarlac Province, Philippines Investigation Type: Borehole Sampling (SPT) Depth Range: 0m - 15m Number of Depth Layers: 10 Data Categories: • Liquefaction Analysis • Bearing Capacity Calculations • Settlement Analysis Municipalities Covered: • Anao • Bamban • Camiling • Capas • Concepcion • Gerona • La Paz • Mayantoc • Moncada • Paniqui • Pura • Ramos • San Clemente • San Manuel • Santa Ignacia • Tarlac City • Victoria"
7.5,9.0,BH-001,6,7.5-9.0m,,,,,,,,,,,,,,,,,,False,,,,,,,,,False,,31.7,,,18.8,,,,,,,,"Tarlac Province, Philippines Investigation Type: Borehole Sampling (SPT) Depth Range: 0m - 15m Number of Depth Layers: 10 Data Categories: • Liquefaction Analysis • Bearing Capacity Calculations • Settlement Analysis Municipalities Covered: • Anao • Bamban • Camiling • Capas • Concepcion • Gerona • La Paz • Mayantoc • Moncada • Paniqui • Pura • Ramos • San Clemente • San Manuel • Santa Ignacia • Tarlac City • Victoria"
7.5,9.0,BH-001,6,7.5-9.0m,,,,,,,,,,,,,,,,,,False,,,,,,,,,False,,50.9,,,20.0,,,,,,,,"Tarlac Province, Philippines Investigation Type: Borehole Sampling (SPT) Depth Range: 0m - 15m Number of Depth Layers: 10 Data Categories: • Liquefaction Analysis • Bearing Capacity Calculations • Settlement Analysis Municipalities Covered: • Anao • Bamban • Camiling • Capas • Concepcion • Gerona • La Paz • Mayantoc • Moncada • Paniqui • Pura • Ramos • San Clemente • San Manuel • Santa Ignacia • Tarlac City • Victoria"
7.5,9.0,BH-001,6,7.5-9.0m,,,,,,,,,,,,,,,,,,False,,,,,,,,,False,,25.4,,,19.7,,,,,,,,"Tarlac Province, Philippines Investigation Type: Borehole Sampling (SPT) Depth Range: 0m - 15m Number of Depth Layers: 10 Data Categories: • Liquefaction Analysis • Bearing Capacity Calculations • Settlement Analysis Municipalities Covered: • Anao • Bamban • Camiling • Capas • Concepcion • Gerona • La Paz • Mayantoc • Moncada • Paniqui • Pura • Ramos • San Clemente • San Manuel • Santa Ignacia • Tarlac City • Victoria"
7.5,9.0,BH-001,6,7.5-9.0m,,,,,,,,,,,,,,,,,,False,,,,,,,,,False,,46.4,,,17.6,,,,,,,,"Tarlac Province, Philippines Investigation Type: Borehole Sampling (SPT) Depth Range: 0m - 15m Number of Depth Layers: 10 Data Categories: • Liquefaction Analysis • Bearing Capacity Calculations • Settlement Analysis Municipalities Covered: • Anao • Bamban • Camiling • Capas • Concepcion • Gerona • La Paz • Mayantoc • Moncada • Paniqui • Pura • Ramos • San Clemente • San Manuel • Santa Ignacia • Tarlac City • Victoria"
7.5,9.0,BH-001,6,7.5-9.0m,,,,,,,,,,,,,,,,,,False,,,,,,,,,False,,7.0,,,20.2,,,,,,,,"Tarlac Province, Philippines Investigation Type: Borehole Sampling (SPT) Depth Range: 0m - 15m Number of Depth Layers: 10 Data Categories: • Liquefaction Analysis • Bearing Capacity Calculations • Settlement Analysis Municipalities Covered: • Anao • Bamban • Camiling • Capas • Concepcion • Gerona • La Paz • Mayantoc • Moncada • Paniqui • Pura • Ramos • San Clemente • San Manuel • Santa Ignacia • Tarlac City • Victoria"
7.5,9.0,BH-001,6,7.5-9.0m,,,,,,,,,,,,,,,,,,False,,,,,,,,,False,,28.0,,,19.7,,,,,,,,"Tarlac Province, Philippines Investigation Type: Borehole Sampling (SPT) Depth Range: 0m - 15m Number of Depth Layers: 10 Data Categories: • Liquefaction Analysis • Bearing Capacity Calculations • Settlement Analysis Municipalities Covered: • Anao • Bamban • Camiling • Capas • Concepcion • Gerona • La Paz • Mayantoc • Moncada • Paniqui • Pura • Ramos • San Clemente • San Manuel • Santa Ignacia • Tarlac City • Victoria"
7.5,9.0,BH-001,6,7.5-9.0m,,,,,,,,,,,,,,,,,,False,,,,,,,,,False,,28.1,,,21.0,,,,,,,,"Tarlac Province, Philippines Investigation Type: Borehole Sampling (SPT) Depth Range: 0m - 15m Number of Depth Layers: 10 Data Categories: • Liquefaction Analysis • Bearing Capacity Calculations • Settlement Analysis Municipalities Covered: • Anao • Bamban • Camiling • Capas • Concepcion • Gerona • La Paz • Mayantoc • Moncada • Paniqui • Pura • Ramos • San Clemente • San Manuel • Santa Ignacia • Tarlac City • Victoria"
7.5,9.0,BH-001,6,7.5-9.0m,,,,,,,,,,,,,,,,,,False,,,,,,,,,False,,13.4,,,16.5,,,,,,,,"Tarlac Province, Philippines Investigation Type: Borehole Sampling (SPT) Depth Range: 0m - 15m Number of Depth Layers: 10 Data Categories: • Liquefaction Analysis • Bearing Capacity Calculations • Settlement Analysis Municipalities Covered: • Anao • Bamban • Camiling • Capas • Concepcion • Gerona • La Paz • Mayantoc • Moncada • Paniqui • Pura • Ramos • San Clemente • San Manuel • Santa Ignacia • Tarlac City • Victoria"
7.5,9.0,BH-001,6,7.5-9.0m,,,,,,,,,,,,,,,,,,False,,,,,,,,,False,,27.3,,,18.6,,,,,,,,"Tarlac Province, Philippines Investigation Type: Borehole Sampling (SPT) Depth Range: 0m - 15m Number of Depth Layers: 10 Data Categories: • Liquefaction Analysis • Bearing Capacity Calculations • Settlement Analysis Municipalities Covered: • Anao • Bamban • Camiling • Capas • Concepcion • Gerona • La Paz • Mayantoc • Moncada • Paniqui • Pura • Ramos • San Clemente • San Manuel • Santa Ignacia • Tarlac City • Victoria"
7.5,9.0,BH-001,6,7.5-9.0m,,,,,,,,,,,,,,,,,,False,,,,,,,,,False,,5.6,,,18.5,,,,,,,,"Tarlac Province, Philippines Investigation Type: Borehole Sampling (SPT) Depth Range: 0m - 15m Number of Depth Layers: 10 Data Categories: • Liquefaction Analysis • Bearing Capacity Calculations • Settlement Analysis Municipalities Covered: • Anao • Bamban • Camiling • Capas • Concepcion • Gerona • La Paz • Mayantoc • Moncada • Paniqui • Pura • Ramos • San Clemente • San Manuel • Santa Ignacia • Tarlac City • Victoria"
7.5,9.0,BH-001,6,7.5-9.0m,,,,,,,,,,,,,,,,,,False,,,,,,,,,False,,55.8,,,16.5,,,,,,,,"Tarlac Province, Philippines Investigation Type: Borehole Sampling (SPT) Depth Range: 0m - 15m Number of Depth Layers: 10 Data Categories: • Liquefaction Analysis • Bearing Capacity Calculations • Settlement Analysis Municipalities Covered: • Anao • Bamban • Camiling • Capas • Concepcion • Gerona • La Paz • Mayantoc • Moncada • Paniqui • Pura • Ramos • San Clemente • San Manuel • Santa Ignacia • Tarlac City • Victoria"
7.5,9.0,BH-001,6,7.5-9.0m,,,,,,,,,,,,,,,,,,False,,,,,,,,,False,,19.0,,,20.3,,,,,,,,"Tarlac Province, Philippines Investigation Type: Borehole Sampling (SPT) Depth Range: 0m - 15m Number of Depth Layers: 10 Data Categories: • Liquefaction Analysis • Bearing Capacity Calculations • Settlement Analysis Municipalities Covered: • Anao • Bamban • Camiling • Capas • Concepcion • Gerona • La Paz • Mayantoc • Moncada • Paniqui • Pura • Ramos • San Clemente • San Manuel • Santa Ignacia • Tarlac City • Victoria"
7.5,9.0,BH-001,6,7.5-9.0m,,,,,,,,,,,,,,,,,,False,,,,,,,,,False,,51.7,,,20.4,,,,,,,,"Tarlac Province, Philippines Investigation Type: Borehole Sampling (SPT) Depth Range: 0m - 15m Number of Depth Layers: 10 Data Categories: • Liquefaction Analysis • Bearing Capacity Calculations • Settlement Analysis Municipalities Covered: • Anao • Bamban • Camiling • Capas • Concepcion • Gerona • La Paz • Mayantoc • Moncada • Paniqui • Pura • Ramos • San Clemente • San Manuel • Santa Ignacia • Tarlac City • Victoria"
9.0,10.5,BH-001,7,9.0-10.5m,,,,,,,,,,,,,,,,,,False,,,,,,,,,False,,,,,,,,,,,,,"Tarlac Province, Philippines Investigation Type: Borehole Sampling (SPT) Depth Range: 0m - 15m Number of Depth Layers: 10 Data Categories: • Liquefaction Analysis • Bearing Capacity Calculations • Settlement Analysis Municipalities Covered: • Anao • Bamban • Camiling • Capas • Concepcion • Gerona • La Paz • Mayantoc • Moncada • Paniqui • Pura • Ramos • San Clemente • San Manuel • Santa Ignacia • Tarlac City • Victoria"
9.0,10.5,BH-001,7,9.0-10.5m,,,,,,,,,,,,,,,,,,False,,,,,,,,,False,,48.7,,,18.5,,,,,,,,"Tarlac Province, Philippines Investigation Type: Borehole Sampling (SPT) Depth Range: 0m - 15m Number of Depth Layers: 10 Data Categories: • Liquefaction Analysis • Bearing Capacity Calculations • Settlement Analysis Municipalities Covered: • Anao • Bamban • Camiling • Capas • Concepcion • Gerona • La Paz • Mayantoc • Moncada • Paniqui • Pura • Ramos • San Clemente • San Manuel • Santa Ignacia • Tarlac City • Victoria"
9.0,10.5,BH-001,7,9.0-10.5m,,,,,,,,,,,,,,,,,,False,,,,,,,,,False,,58.7,,,17.6,,,,,,,,"Tarlac Province, Philippines Investigation Type: Borehole Sampling (SPT) Depth Range: 0m - 15m Number of Depth Layers: 10 Data Categories: • Liquefaction Analysis • Bearing Capacity Calculations • Settlement Analysis Municipalities Covered: • Anao • Bamban • Camiling • Capas • Concepcion • Gerona • La Paz • Mayantoc • Moncada • Paniqui • Pura • Ramos • San Clemente • San Manuel • Santa Ignacia • Tarlac City • Victoria"
9.0,10.5,BH-001,7,9.0-10.5m,,,,,,,,,,,,,,,,,,False,,,,,,,,,False,,65.7,,,16.7,,,,,,,,"Tarlac Province, Philippines Investigation Type: Borehole Sampling (SPT) Depth Range: 0m - 15m Number of Depth Layers: 10 Data Categories: • Liquefaction Analysis • Bearing Capacity Calculations • Settlement Analysis Municipalities Covered: • Anao • Bamban • Camiling • Capas • Concepcion • Gerona • La Paz • Mayantoc • Moncada • Paniqui • Pura • Ramos • San Clemente • San Manuel • Santa Ignacia • Tarlac City • Victoria"
9.0,10.5,BH-001,7,9.0-10.5m,,,,,,,,,,,,,,,,,,False,,,,,,,,,False,,34.1,,,19.8,,,,,,,,"Tarlac Province, Philippines Investigation Type: Borehole Sampling (SPT) Depth Range: 0m - 15m Number of Depth Layers: 10 Data Categories: • Liquefaction Analysis • Bearing Capacity Calculations • Settlement Analysis Municipalities Covered: • Anao • Bamban • Camiling • Capas • Concepcion • Gerona • La Paz • Mayantoc • Moncada • Paniqui • Pura • Ramos • San Clemente • San Manuel • Santa Ignacia • Tarlac City • Victoria"
9.0,10.5,BH-001,7,9.0-10.5m,,,,,,,,,,,,,,,,,,False,,,,,,,,,False,,50.1,,,19.8,,,,,,,,"Tarlac Province, Philippines Investigation Type: Borehole Sampling (SPT) Depth Range: 0m - 15m Number of Depth Layers: 10 Data Categories: • Liquefaction Analysis • Bearing Capacity Calculations • Settlement Analysis Municipalities Covered: • Anao • Bamban • Camiling • Capas • Concepcion • Gerona • La Paz • Mayantoc • Moncada • Paniqui • Pura • Ramos • San Clemente • San Manuel • Santa Ignacia • Tarlac City • Victoria"
9.0,10.5,BH-001,7,9.0-10.5m,,,,,,,,,,,,,,,,,,False,,,,,,,,,False,,5.3,,,18.5,,,,,,,,"Tarlac Province, Philippines Investigation Type: Borehole Sampling (SPT) Depth Range: 0m - 15m Number of Depth Layers: 10 Data Categories: • Liquefaction Analysis • Bearing Capacity Calculations • Settlement Analysis Municipalities Covered: • Anao • Bamban • Camiling • Capas • Concepcion • Gerona • La Paz • Mayantoc • Moncada • Paniqui • Pura • Ramos • San Clemente • San Manuel • Santa Ignacia • Tarlac City • Victoria"
9.0,10.5,BH-001,7,9.0-10.5m,,,,,,,,,,,,,,,,,,False,,,,,,,,,False,,47.6,,,20.0,,,,,,,,"Tarlac Province, Philippines Investigation Type: Borehole Sampling (SPT) Depth Range: 0m - 15m Number of Depth Layers: 10 Data Categories: • Liquefaction Analysis • Bearing Capacity Calculations • Settlement Analysis Municipalities Covered: • Anao • Bamban • Camiling • Capas • Concepcion • Gerona • La Paz • Mayantoc • Moncada • Paniqui • Pura • Ramos • San Clemente • San Manuel • Santa Ignacia • Tarlac City • Victoria"
9.0,10.5,BH-001,7,9.0-10.5m,,,,,,,,,,,,,,,,,,False,,,,,,,,,False,,45.3,,,17.7,,,,,,,,"Tarlac Province, Philippines Investigation Type: Borehole Sampling (SPT) Depth Range: 0m - 15m Number of Depth Layers: 10 Data Categories: • Liquefaction Analysis • Bearing Capacity Calculations • Settlement Analysis Municipalities Covered: • Anao • Bamban • Camiling • Capas • Concepcion • Gerona • La Paz • Mayantoc • Moncada • Paniqui • Pura • Ramos • San Clemente • San Manuel • Santa Ignacia • Tarlac City • Victoria"
9.0,10.5,BH-001,7,9.0-10.5m,,,,,,,,,,,,,,,,,,False,,,,,,,,,False,,40.3,,,19.5,,,,,,,,"Tarlac Province, Philippines Investigation Type: Borehole Sampling (SPT) Depth Range: 0m - 15m Number of Depth Layers: 10 Data Categories: • Liquefaction Analysis • Bearing Capacity Calculations • Settlement Analysis Municipalities Covered: • Anao • Bamban • Camiling • Capas • Concepcion • Gerona • La Paz • Mayantoc • Moncada • Paniqui • Pura • Ramos • San Clemente • San Manuel • Santa Ignacia • Tarlac City • Victoria"
9.0,10.5,BH-001,7,9.0-10.5m,,,,,,,,,,,,,,,,,,False,,,,,,,,,False,,20.6,,,16.7,,,,,,,,"Tarlac Province, Philippines Investigation Type: Borehole Sampling (SPT) Depth Range: 0m - 15m Number of Depth Layers: 10 Data Categories: • Liquefaction Analysis • Bearing Capacity Calculations • Settlement Analysis Municipalities Covered: • Anao • Bamban • Camiling • Capas • Concepcion • Gerona • La Paz • Mayantoc • Moncada • Paniqui • Pura • Ramos • San Clemente • San Manuel • Santa Ignacia • Tarlac City • Victoria"
9.0,10.5,BH-001,7,9.0-10.5m,,,,,,,,,,,,,,,,,,False,,,,,,,,,False,,45.8,,,16.5,,,,,,,,"Tarlac Province, Philippines Investigation Type: Borehole Sampling (SPT) Depth Range: 0m - 15m Number of Depth Layers: 10 Data Categories: • Liquefaction Analysis • Bearing Capacity Calculations • Settlement Analysis Municipalities Covered: • Anao • Bamban • Camiling • Capas • Concepcion • Gerona • La Paz • Mayantoc • Moncada • Paniqui • Pura • Ramos • San Clemente • San Manuel • Santa Ignacia • Tarlac City • Victoria"
9.0,10.5,BH-001,7,9.0-10.5m,,,,,,,,,,,,,,,,,,False,,,,,,,,,False,,44.4,,,16.5,,,,,,,,"Tarlac Province, Philippines Investigation Type: Borehole Sampling (SPT) Depth Range: 0m - 15m Number of Depth Layers: 10 Data Categories: • Liquefaction Analysis • Bearing Capacity Calculations • Settlement Analysis Municipalities Covered: • Anao • Bamban • Camiling • Capas • Concepcion • Gerona • La Paz • Mayantoc • Moncada • Paniqui • Pura • Ramos • San Clemente • San Manuel • Santa Ignacia • Tarlac City • Victoria"
9.0,10.5,BH-001,7,9.0-10.5m,,,,,,,,,,,,,,,,,,False,,,,,,,,,False,,30.1,,,18.3,,,,,,,,"Tarlac Province, Philippines Investigation Type: Borehole Sampling (SPT) Depth Range: 0m - 15m Number of Depth Layers: 10 Data Categories: • Liquefaction Analysis • Bearing Capacity Calculations • Settlement Analysis Municipalities Covered: • Anao • Bamban • Camiling • Capas • Concepcion • Gerona • La Paz • Mayantoc • Moncada • Paniqui • Pura • Ramos • San Clemente • San Manuel • Santa Ignacia • Tarlac City • Victoria"
9.0,10.5,BH-001,7,9.0-10.5m,,,,,,,,,,,,,,,,,,False,,,,,,,,,False,,34.8,,,18.4,,,,,,,,"Tarlac Province, Philippines Investigation Type: Borehole Sampling (SPT) Depth Range: 0m - 15m Number of Depth Layers: 10 Data Categories: • Liquefaction Analysis • Bearing Capacity Calculations • Settlement Analysis Municipalities Covered: • Anao • Bamban • Camiling • Capas • Concepcion • Gerona • La Paz • Mayantoc • Moncada • Paniqui • Pura • Ramos • San Clemente • San Manuel • Santa Ignacia • Tarlac City • Victoria"
9.0,10.5,BH-001,7,9.0-10.5m,,,,,,,,,,,,,,,,,,False,,,,,,,,,False,,23.3,,,19.5,,,,,,,,"Tarlac Province, Philippines Investigation Type: Borehole Sampling (SPT) Depth Range: 0m - 15m Number of Depth Layers: 10 Data Categories: • Liquefaction Analysis • Bearing Capacity Calculations • Settlement Analysis Municipalities Covered: • Anao • Bamban • Camiling • Capas • Concepcion • Gerona • La Paz • Mayantoc • Moncada • Paniqui • Pura • Ramos • San Clemente • San Manuel • Santa Ignacia • Tarlac City • Victoria"
